Variant,Date,Location,Freq
Alpha,2019-12-30/2020-01-05,Africa,1
Alpha,2019-12-30/2020-01-05,Asia,8
Alpha,2019-12-30/2020-01-05,Europe,629
Alpha,2019-12-30/2020-01-05,North America,9
Alpha,2020-02-03/2020-02-09,Europe,1
Alpha,2020-02-24/2020-03-01,Europe,1
Alpha,2020-02-24/2020-03-01,North America,5
Alpha,2020-03-09/2020-03-15,Europe,3
Alpha,2020-03-16/2020-03-22,Europe,2
Alpha,2020-03-16/2020-03-22,North America,1
Alpha,2020-03-23/2020-03-29,Europe,1
Alpha,2020-04-06/2020-04-12,North America,4
Alpha,2020-04-13/2020-04-19,North America,2
Alpha,2020-04-13/2020-04-19,Oceania,1
Alpha,2020-04-20/2020-04-26,Europe,2
Alpha,2020-04-20/2020-04-26,North America,7
Alpha,2020-04-27/2020-05-03,North America,8
Alpha,2020-05-04/2020-05-10,Africa,5
Alpha,2020-05-04/2020-05-10,Asia,1
Alpha,2020-05-11/2020-05-17,Europe,1
Alpha,2020-05-11/2020-05-17,North America,4
Alpha,2020-05-18/2020-05-24,Europe,4
Alpha,2020-05-18/2020-05-24,North America,4
Alpha,2020-06-01/2020-06-07,North America,2
Alpha,2020-07-06/2020-07-12,North America,9
Alpha,2020-07-13/2020-07-19,Africa,1
Alpha,2020-07-13/2020-07-19,Asia,1
Alpha,2020-07-20/2020-07-26,North America,6
Alpha,2020-07-27/2020-08-02,Africa,1
Alpha,2020-07-27/2020-08-02,North America,25
Alpha,2020-08-03/2020-08-09,North America,1
Alpha,2020-08-10/2020-08-16,Europe,1
Alpha,2020-08-10/2020-08-16,North America,1
Alpha,2020-08-24/2020-08-30,Africa,1
Alpha,2020-08-24/2020-08-30,Europe,2
Alpha,2020-08-31/2020-09-06,Asia,1
Alpha,2020-08-31/2020-09-06,Europe,2
Alpha,2020-09-07/2020-09-13,Africa,1
Alpha,2020-09-14/2020-09-20,Europe,1
Alpha,2020-09-21/2020-09-27,Africa,1
Alpha,2020-09-21/2020-09-27,Europe,2
Alpha,2020-09-28/2020-10-04,Asia,1
Alpha,2020-09-28/2020-10-04,Europe,3
Alpha,2020-10-05/2020-10-11,Asia,1
Alpha,2020-10-05/2020-10-11,Europe,8
Alpha,2020-10-12/2020-10-18,Europe,4
Alpha,2020-10-19/2020-10-25,Europe,37
Alpha,2020-10-19/2020-10-25,North America,4
Alpha,2020-10-26/2020-11-01,Africa,1
Alpha,2020-10-26/2020-11-01,Asia,1
Alpha,2020-10-26/2020-11-01,Europe,79
Alpha,2020-10-26/2020-11-01,North America,3
Alpha,2020-11-02/2020-11-08,Europe,291
Alpha,2020-11-02/2020-11-08,North America,6
Alpha,2020-11-09/2020-11-15,Asia,3
Alpha,2020-11-09/2020-11-15,Europe,695
Alpha,2020-11-09/2020-11-15,North America,1
Alpha,2020-11-16/2020-11-22,Africa,1
Alpha,2020-11-16/2020-11-22,Asia,2
Alpha,2020-11-16/2020-11-22,Europe,744
Alpha,2020-11-16/2020-11-22,North America,4
Alpha,2020-11-23/2020-11-29,Africa,1
Alpha,2020-11-23/2020-11-29,Asia,6
Alpha,2020-11-23/2020-11-29,Europe,491
Alpha,2020-11-23/2020-11-29,North America,4
Alpha,2020-11-30/2020-12-06,Africa,1
Alpha,2020-11-30/2020-12-06,Asia,29
Alpha,2020-11-30/2020-12-06,Europe,630
Alpha,2020-11-30/2020-12-06,North America,10
Alpha,2020-11-30/2020-12-06,Oceania,1
Alpha,2020-12-07/2020-12-13,Africa,4
Alpha,2020-12-07/2020-12-13,Asia,10
Alpha,2020-12-07/2020-12-13,Europe,3211
Alpha,2020-12-07/2020-12-13,North America,6
Alpha,2020-12-07/2020-12-13,Oceania,5
Alpha,2020-12-14/2020-12-20,Africa,5
Alpha,2020-12-14/2020-12-20,Asia,27
Alpha,2020-12-14/2020-12-20,Europe,5780
Alpha,2020-12-14/2020-12-20,North America,23
Alpha,2020-12-14/2020-12-20,Oceania,6
Alpha,2020-12-21/2020-12-27,Africa,7
Alpha,2020-12-21/2020-12-27,Asia,212
Alpha,2020-12-21/2020-12-27,Europe,4622
Alpha,2020-12-21/2020-12-27,North America,40
Alpha,2020-12-21/2020-12-27,Oceania,11
Alpha,2020-12-21/2020-12-27,South America,7
Alpha,2020-12-28/2021-01-03,Africa,92
Alpha,2020-12-28/2021-01-03,Asia,1530
Alpha,2020-12-28/2021-01-03,Europe,19438
Alpha,2020-12-28/2021-01-03,North America,923
Alpha,2020-12-28/2021-01-03,Oceania,21
Alpha,2020-12-28/2021-01-03,South America,24
Alpha,2021-01-04/2021-01-10,Africa,134
Alpha,2021-01-04/2021-01-10,Asia,497
Alpha,2021-01-04/2021-01-10,Europe,11194
Alpha,2021-01-04/2021-01-10,North America,210
Alpha,2021-01-04/2021-01-10,Oceania,26
Alpha,2021-01-04/2021-01-10,South America,25
Alpha,2021-01-11/2021-01-17,Africa,114
Alpha,2021-01-11/2021-01-17,Asia,418
Alpha,2021-01-11/2021-01-17,Europe,15278
Alpha,2021-01-11/2021-01-17,North America,300
Alpha,2021-01-11/2021-01-17,Oceania,23
Alpha,2021-01-11/2021-01-17,South America,22
Alpha,2021-01-18/2021-01-24,Africa,50
Alpha,2021-01-18/2021-01-24,Asia,454
Alpha,2021-01-18/2021-01-24,Europe,16344
Alpha,2021-01-18/2021-01-24,North America,466
Alpha,2021-01-18/2021-01-24,Oceania,29
Alpha,2021-01-18/2021-01-24,South America,18
Alpha,2021-01-25/2021-01-31,Africa,109
Alpha,2021-01-25/2021-01-31,Asia,988
Alpha,2021-01-25/2021-01-31,Europe,24629
Alpha,2021-01-25/2021-01-31,North America,748
Alpha,2021-01-25/2021-01-31,Oceania,15
Alpha,2021-01-25/2021-01-31,South America,13
Alpha,2021-02-01/2021-02-07,Africa,148
Alpha,2021-02-01/2021-02-07,Asia,1328
Alpha,2021-02-01/2021-02-07,Europe,20534
Alpha,2021-02-01/2021-02-07,North America,3245
Alpha,2021-02-01/2021-02-07,Oceania,15
Alpha,2021-02-01/2021-02-07,South America,21
Alpha,2021-02-08/2021-02-14,Africa,138
Alpha,2021-02-08/2021-02-14,Asia,683
Alpha,2021-02-08/2021-02-14,Europe,26485
Alpha,2021-02-08/2021-02-14,North America,1901
Alpha,2021-02-08/2021-02-14,Oceania,47
Alpha,2021-02-08/2021-02-14,South America,29
Alpha,2021-02-15/2021-02-21,Africa,158
Alpha,2021-02-15/2021-02-21,Asia,773
Alpha,2021-02-15/2021-02-21,Europe,31111
Alpha,2021-02-15/2021-02-21,North America,2349
Alpha,2021-02-15/2021-02-21,Oceania,27
Alpha,2021-02-15/2021-02-21,South America,89
Alpha,2021-02-22/2021-02-28,Africa,192
Alpha,2021-02-22/2021-02-28,Asia,1412
Alpha,2021-02-22/2021-02-28,Europe,34695
Alpha,2021-02-22/2021-02-28,North America,4188
Alpha,2021-02-22/2021-02-28,Oceania,20
Alpha,2021-02-22/2021-02-28,South America,98
Alpha,2021-03-01/2021-03-07,Africa,286
Alpha,2021-03-01/2021-03-07,Asia,1508
Alpha,2021-03-01/2021-03-07,Europe,39579
Alpha,2021-03-01/2021-03-07,North America,8075
Alpha,2021-03-01/2021-03-07,Oceania,31
Alpha,2021-03-01/2021-03-07,South America,151
Alpha,2021-03-08/2021-03-14,Africa,212
Alpha,2021-03-08/2021-03-14,Asia,1487
Alpha,2021-03-08/2021-03-14,Europe,47313
Alpha,2021-03-08/2021-03-14,North America,9069
Alpha,2021-03-08/2021-03-14,Oceania,52
Alpha,2021-03-08/2021-03-14,South America,146
Alpha,2021-03-15/2021-03-21,Africa,281
Alpha,2021-03-15/2021-03-21,Asia,1769
Alpha,2021-03-15/2021-03-21,Europe,49921
Alpha,2021-03-15/2021-03-21,North America,13672
Alpha,2021-03-15/2021-03-21,Oceania,31
Alpha,2021-03-15/2021-03-21,South America,157
Alpha,2021-03-22/2021-03-28,Africa,183
Alpha,2021-03-22/2021-03-28,Asia,1831
Alpha,2021-03-22/2021-03-28,Europe,49296
Alpha,2021-03-22/2021-03-28,North America,18580
Alpha,2021-03-22/2021-03-28,Oceania,39
Alpha,2021-03-22/2021-03-28,South America,201
Alpha,2021-03-29/2021-04-04,Africa,208
Alpha,2021-03-29/2021-04-04,Asia,3421
Alpha,2021-03-29/2021-04-04,Europe,44932
Alpha,2021-03-29/2021-04-04,North America,25500
Alpha,2021-03-29/2021-04-04,Oceania,51
Alpha,2021-03-29/2021-04-04,South America,240
Alpha,2021-04-05/2021-04-11,Africa,149
Alpha,2021-04-05/2021-04-11,Asia,2542
Alpha,2021-04-05/2021-04-11,Europe,39371
Alpha,2021-04-05/2021-04-11,North America,27871
Alpha,2021-04-05/2021-04-11,Oceania,40
Alpha,2021-04-05/2021-04-11,South America,275
Alpha,2021-04-12/2021-04-18,Africa,197
Alpha,2021-04-12/2021-04-18,Asia,3338
Alpha,2021-04-12/2021-04-18,Europe,42889
Alpha,2021-04-12/2021-04-18,North America,28427
Alpha,2021-04-12/2021-04-18,Oceania,58
Alpha,2021-04-12/2021-04-18,South America,237
Alpha,2021-04-19/2021-04-25,Africa,170
Alpha,2021-04-19/2021-04-25,Asia,4726
Alpha,2021-04-19/2021-04-25,Europe,40867
Alpha,2021-04-19/2021-04-25,North America,26071
Alpha,2021-04-19/2021-04-25,Oceania,63
Alpha,2021-04-19/2021-04-25,South America,207
Alpha,2021-04-26/2021-05-02,Africa,144
Alpha,2021-04-26/2021-05-02,Asia,6384
Alpha,2021-04-26/2021-05-02,Europe,40683
Alpha,2021-04-26/2021-05-02,North America,29532
Alpha,2021-04-26/2021-05-02,Oceania,41
Alpha,2021-04-26/2021-05-02,South America,130
Alpha,2021-05-03/2021-05-09,Africa,104
Alpha,2021-05-03/2021-05-09,Asia,4840
Alpha,2021-05-03/2021-05-09,Europe,38268
Alpha,2021-05-03/2021-05-09,North America,23353
Alpha,2021-05-03/2021-05-09,Oceania,32
Alpha,2021-05-03/2021-05-09,South America,156
Alpha,2021-05-10/2021-05-16,Africa,102
Alpha,2021-05-10/2021-05-16,Asia,5217
Alpha,2021-05-10/2021-05-16,Europe,32687
Alpha,2021-05-10/2021-05-16,North America,17654
Alpha,2021-05-10/2021-05-16,Oceania,30
Alpha,2021-05-10/2021-05-16,South America,138
Alpha,2021-05-17/2021-05-23,Africa,124
Alpha,2021-05-17/2021-05-23,Asia,3879
Alpha,2021-05-17/2021-05-23,Europe,29523
Alpha,2021-05-17/2021-05-23,North America,13779
Alpha,2021-05-17/2021-05-23,Oceania,10
Alpha,2021-05-17/2021-05-23,South America,129
Alpha,2021-05-24/2021-05-30,Africa,116
Alpha,2021-05-24/2021-05-30,Asia,2884
Alpha,2021-05-24/2021-05-30,Europe,24767
Alpha,2021-05-24/2021-05-30,North America,9389
Alpha,2021-05-24/2021-05-30,Oceania,8
Alpha,2021-05-24/2021-05-30,South America,155
Alpha,2021-05-31/2021-06-06,Africa,116
Alpha,2021-05-31/2021-06-06,Asia,2572
Alpha,2021-05-31/2021-06-06,Europe,19764
Alpha,2021-05-31/2021-06-06,North America,8558
Alpha,2021-05-31/2021-06-06,Oceania,24
Alpha,2021-05-31/2021-06-06,South America,132
Alpha,2021-06-07/2021-06-13,Africa,79
Alpha,2021-06-07/2021-06-13,Asia,2520
Alpha,2021-06-07/2021-06-13,Europe,14572
Alpha,2021-06-07/2021-06-13,North America,6407
Alpha,2021-06-07/2021-06-13,Oceania,16
Alpha,2021-06-07/2021-06-13,South America,130
Alpha,2021-06-14/2021-06-20,Africa,95
Alpha,2021-06-14/2021-06-20,Asia,2182
Alpha,2021-06-14/2021-06-20,Europe,8543
Alpha,2021-06-14/2021-06-20,North America,5038
Alpha,2021-06-14/2021-06-20,Oceania,12
Alpha,2021-06-14/2021-06-20,South America,115
Alpha,2021-06-21/2021-06-27,Africa,47
Alpha,2021-06-21/2021-06-27,Asia,2528
Alpha,2021-06-21/2021-06-27,Europe,6102
Alpha,2021-06-21/2021-06-27,North America,3956
Alpha,2021-06-21/2021-06-27,Oceania,20
Alpha,2021-06-21/2021-06-27,South America,73
Alpha,2021-06-28/2021-07-04,Africa,36
Alpha,2021-06-28/2021-07-04,Asia,2250
Alpha,2021-06-28/2021-07-04,Europe,4622
Alpha,2021-06-28/2021-07-04,North America,2920
Alpha,2021-06-28/2021-07-04,Oceania,25
Alpha,2021-06-28/2021-07-04,South America,93
Alpha,2021-07-05/2021-07-11,Africa,24
Alpha,2021-07-05/2021-07-11,Asia,2589
Alpha,2021-07-05/2021-07-11,Europe,3457
Alpha,2021-07-05/2021-07-11,North America,2196
Alpha,2021-07-05/2021-07-11,Oceania,16
Alpha,2021-07-05/2021-07-11,South America,49
Alpha,2021-07-12/2021-07-18,Africa,16
Alpha,2021-07-12/2021-07-18,Asia,2474
Alpha,2021-07-12/2021-07-18,Europe,1924
Alpha,2021-07-12/2021-07-18,North America,1662
Alpha,2021-07-12/2021-07-18,Oceania,12
Alpha,2021-07-12/2021-07-18,South America,61
Alpha,2021-07-19/2021-07-25,Africa,26
Alpha,2021-07-19/2021-07-25,Asia,2325
Alpha,2021-07-19/2021-07-25,Europe,1202
Alpha,2021-07-19/2021-07-25,North America,1329
Alpha,2021-07-19/2021-07-25,Oceania,2
Alpha,2021-07-19/2021-07-25,South America,66
Alpha,2021-07-26/2021-08-01,Africa,27
Alpha,2021-07-26/2021-08-01,Asia,2361
Alpha,2021-07-26/2021-08-01,Europe,783
Alpha,2021-07-26/2021-08-01,North America,1048
Alpha,2021-07-26/2021-08-01,Oceania,4
Alpha,2021-07-26/2021-08-01,South America,44
Alpha,2021-08-02/2021-08-08,Africa,16
Alpha,2021-08-02/2021-08-08,Asia,1056
Alpha,2021-08-02/2021-08-08,Europe,1288
Alpha,2021-08-02/2021-08-08,North America,636
Alpha,2021-08-02/2021-08-08,Oceania,7
Alpha,2021-08-02/2021-08-08,South America,44
Alpha,2021-08-09/2021-08-15,Africa,21
Alpha,2021-08-09/2021-08-15,Asia,973
Alpha,2021-08-09/2021-08-15,Europe,620
Alpha,2021-08-09/2021-08-15,North America,337
Alpha,2021-08-09/2021-08-15,Oceania,2
Alpha,2021-08-09/2021-08-15,South America,26
Alpha,2021-08-16/2021-08-22,Africa,5
Alpha,2021-08-16/2021-08-22,Asia,662
Alpha,2021-08-16/2021-08-22,Europe,113
Alpha,2021-08-16/2021-08-22,North America,236
Alpha,2021-08-16/2021-08-22,Oceania,3
Alpha,2021-08-16/2021-08-22,South America,20
Alpha,2021-08-23/2021-08-29,Africa,37
Alpha,2021-08-23/2021-08-29,Asia,382
Alpha,2021-08-23/2021-08-29,Europe,77
Alpha,2021-08-23/2021-08-29,North America,93
Alpha,2021-08-23/2021-08-29,Oceania,1
Alpha,2021-08-23/2021-08-29,South America,12
Alpha,2021-08-30/2021-09-05,Africa,6
Alpha,2021-08-30/2021-09-05,Asia,170
Alpha,2021-08-30/2021-09-05,Europe,53
Alpha,2021-08-30/2021-09-05,North America,109
Alpha,2021-08-30/2021-09-05,South America,6
Alpha,2021-09-06/2021-09-12,Asia,109
Alpha,2021-09-06/2021-09-12,Europe,28
Alpha,2021-09-06/2021-09-12,North America,54
Alpha,2021-09-06/2021-09-12,South America,3
Alpha,2021-09-13/2021-09-19,Africa,1
Alpha,2021-09-13/2021-09-19,Asia,52
Alpha,2021-09-13/2021-09-19,Europe,21
Alpha,2021-09-13/2021-09-19,North America,51
Alpha,2021-09-13/2021-09-19,South America,3
Alpha,2021-09-20/2021-09-26,Africa,2
Alpha,2021-09-20/2021-09-26,Asia,39
Alpha,2021-09-20/2021-09-26,Europe,21
Alpha,2021-09-20/2021-09-26,North America,5
Alpha,2021-09-20/2021-09-26,South America,2
Alpha,2021-09-27/2021-10-03,Africa,1
Alpha,2021-09-27/2021-10-03,Asia,30
Alpha,2021-09-27/2021-10-03,Europe,22
Alpha,2021-09-27/2021-10-03,North America,8
Alpha,2021-09-27/2021-10-03,South America,1
Alpha,2021-10-04/2021-10-10,Africa,2
Alpha,2021-10-04/2021-10-10,Asia,28
Alpha,2021-10-04/2021-10-10,Europe,18
Alpha,2021-10-04/2021-10-10,North America,6
Alpha,2021-10-04/2021-10-10,South America,1
Alpha,2021-10-11/2021-10-17,Africa,1
Alpha,2021-10-11/2021-10-17,Asia,20
Alpha,2021-10-11/2021-10-17,Europe,49
Alpha,2021-10-11/2021-10-17,North America,10
Alpha,2021-10-11/2021-10-17,South America,2
Alpha,2021-10-18/2021-10-24,Africa,2
Alpha,2021-10-18/2021-10-24,Asia,7
Alpha,2021-10-18/2021-10-24,Europe,9
Alpha,2021-10-18/2021-10-24,North America,4
Alpha,2021-10-18/2021-10-24,South America,9
Alpha,2021-10-25/2021-10-31,Africa,1
Alpha,2021-10-25/2021-10-31,Asia,2
Alpha,2021-10-25/2021-10-31,Europe,12
Alpha,2021-10-25/2021-10-31,North America,3
Alpha,2021-10-25/2021-10-31,South America,2
Alpha,2021-11-01/2021-11-07,Asia,2
Alpha,2021-11-01/2021-11-07,Europe,6
Alpha,2021-11-01/2021-11-07,North America,5
Alpha,2021-11-01/2021-11-07,South America,3
Alpha,2021-11-08/2021-11-14,Europe,7
Alpha,2021-11-08/2021-11-14,North America,3
Alpha,2021-11-08/2021-11-14,South America,1
Alpha,2021-11-15/2021-11-21,Asia,2
Alpha,2021-11-15/2021-11-21,Europe,7
Alpha,2021-11-15/2021-11-21,North America,2
Alpha,2021-11-22/2021-11-28,Africa,2
Alpha,2021-11-22/2021-11-28,Asia,3
Alpha,2021-11-22/2021-11-28,Europe,9
Alpha,2021-11-22/2021-11-28,North America,2
Alpha,2021-11-29/2021-12-05,Asia,14
Alpha,2021-11-29/2021-12-05,Europe,5
Alpha,2021-11-29/2021-12-05,North America,5
Alpha,2021-12-06/2021-12-12,Africa,1
Alpha,2021-12-06/2021-12-12,Asia,1
Alpha,2021-12-06/2021-12-12,Europe,9
Alpha,2021-12-06/2021-12-12,North America,2
Alpha,2021-12-06/2021-12-12,South America,1
Alpha,2021-12-13/2021-12-19,Africa,1
Alpha,2021-12-13/2021-12-19,Asia,1
Alpha,2021-12-13/2021-12-19,Europe,8
Alpha,2021-12-13/2021-12-19,North America,4
Alpha,2021-12-20/2021-12-26,Europe,3
Alpha,2021-12-27/2022-01-02,Asia,2
Alpha,2021-12-27/2022-01-02,Europe,9
Alpha,2022-01-03/2022-01-09,Europe,4
Alpha,2022-01-03/2022-01-09,North America,1
Alpha,2022-01-03/2022-01-09,South America,1
Alpha,2022-01-10/2022-01-16,Asia,1
Alpha,2022-01-10/2022-01-16,Europe,2
Alpha,2022-01-24/2022-01-30,Europe,2
Alpha,2022-01-24/2022-01-30,North America,1
Alpha,2022-01-31/2022-02-06,Europe,5
Alpha,2022-02-07/2022-02-13,Europe,2
Alpha,2022-02-07/2022-02-13,North America,2
Alpha,2022-02-14/2022-02-20,Africa,1
Alpha,2022-02-14/2022-02-20,Europe,1
Alpha,2022-02-21/2022-02-27,Europe,1
Alpha,2022-02-21/2022-02-27,North America,1
Alpha,2022-02-28/2022-03-06,Europe,2
Alpha,2022-03-07/2022-03-13,Europe,2
Alpha,2022-03-07/2022-03-13,North America,1
Alpha,2022-03-14/2022-03-20,North America,1
Alpha,2022-03-21/2022-03-27,Europe,1
Alpha,2022-03-28/2022-04-03,Europe,1
Alpha,2022-04-25/2022-05-01,Asia,1
Alpha,2022-04-25/2022-05-01,North America,1
Alpha,2022-05-02/2022-05-08,Europe,1
Beta,2019-12-30/2020-01-05,Africa,9
Beta,2019-12-30/2020-01-05,Asia,1
Beta,2019-12-30/2020-01-05,Europe,6
Beta,2020-01-27/2020-02-02,Asia,2
Beta,2020-02-17/2020-02-23,Africa,1
Beta,2020-02-24/2020-03-01,Africa,1
Beta,2020-02-24/2020-03-01,Asia,2
Beta,2020-03-23/2020-03-29,Asia,1
Beta,2020-03-30/2020-04-05,Asia,1
Beta,2020-05-04/2020-05-10,Africa,1
Beta,2020-05-04/2020-05-10,Asia,1
Beta,2020-05-04/2020-05-10,North America,1
Beta,2020-05-25/2020-05-31,Africa,1
Beta,2020-06-01/2020-06-07,Africa,1
Beta,2020-06-15/2020-06-21,Africa,1
Beta,2020-06-22/2020-06-28,Africa,2
Beta,2020-07-06/2020-07-12,Africa,1
Beta,2020-07-06/2020-07-12,North America,1
Beta,2020-08-10/2020-08-16,Africa,1
Beta,2020-08-17/2020-08-23,Africa,4
Beta,2020-08-24/2020-08-30,Africa,7
Beta,2020-08-24/2020-08-30,Asia,1
Beta,2020-08-31/2020-09-06,Africa,12
Beta,2020-09-07/2020-09-13,Africa,24
Beta,2020-09-14/2020-09-20,Africa,37
Beta,2020-09-21/2020-09-27,Africa,28
Beta,2020-09-28/2020-10-04,Africa,41
Beta,2020-10-05/2020-10-11,Africa,40
Beta,2020-10-12/2020-10-18,Africa,68
Beta,2020-10-19/2020-10-25,Africa,68
Beta,2020-10-26/2020-11-01,Africa,108
Beta,2020-10-26/2020-11-01,Asia,1
Beta,2020-11-02/2020-11-08,Africa,158
Beta,2020-11-02/2020-11-08,Asia,1
Beta,2020-11-02/2020-11-08,Europe,1
Beta,2020-11-09/2020-11-15,Africa,107
Beta,2020-11-09/2020-11-15,Europe,2
Beta,2020-11-16/2020-11-22,Africa,185
Beta,2020-11-23/2020-11-29,Africa,213
Beta,2020-11-30/2020-12-06,Africa,240
Beta,2020-11-30/2020-12-06,Asia,2
Beta,2020-12-07/2020-12-13,Africa,298
Beta,2020-12-07/2020-12-13,Europe,4
Beta,2020-12-07/2020-12-13,Oceania,1
Beta,2020-12-14/2020-12-20,Africa,383
Beta,2020-12-14/2020-12-20,Asia,3
Beta,2020-12-14/2020-12-20,Europe,18
Beta,2020-12-14/2020-12-20,North America,1
Beta,2020-12-14/2020-12-20,Oceania,1
Beta,2020-12-21/2020-12-27,Africa,486
Beta,2020-12-21/2020-12-27,Asia,9
Beta,2020-12-21/2020-12-27,Europe,34
Beta,2020-12-21/2020-12-27,North America,6
Beta,2020-12-21/2020-12-27,Oceania,5
Beta,2020-12-28/2021-01-03,Africa,643
Beta,2020-12-28/2021-01-03,Asia,54
Beta,2020-12-28/2021-01-03,Europe,348
Beta,2020-12-28/2021-01-03,North America,21
Beta,2020-12-28/2021-01-03,Oceania,4
Beta,2021-01-04/2021-01-10,Africa,820
Beta,2021-01-04/2021-01-10,Asia,25
Beta,2021-01-04/2021-01-10,Europe,62
Beta,2021-01-04/2021-01-10,North America,24
Beta,2021-01-04/2021-01-10,Oceania,9
Beta,2021-01-11/2021-01-17,Africa,645
Beta,2021-01-11/2021-01-17,Asia,40
Beta,2021-01-11/2021-01-17,Europe,220
Beta,2021-01-11/2021-01-17,North America,27
Beta,2021-01-11/2021-01-17,Oceania,11
Beta,2021-01-18/2021-01-24,Africa,554
Beta,2021-01-18/2021-01-24,Asia,23
Beta,2021-01-18/2021-01-24,Europe,307
Beta,2021-01-18/2021-01-24,North America,21
Beta,2021-01-18/2021-01-24,Oceania,3
Beta,2021-01-25/2021-01-31,Africa,561
Beta,2021-01-25/2021-01-31,Asia,41
Beta,2021-01-25/2021-01-31,Europe,343
Beta,2021-01-25/2021-01-31,North America,28
Beta,2021-01-25/2021-01-31,Oceania,5
Beta,2021-02-01/2021-02-07,Africa,482
Beta,2021-02-01/2021-02-07,Asia,108
Beta,2021-02-01/2021-02-07,Europe,562
Beta,2021-02-01/2021-02-07,North America,106
Beta,2021-02-01/2021-02-07,Oceania,3
Beta,2021-02-08/2021-02-14,Africa,342
Beta,2021-02-08/2021-02-14,Asia,49
Beta,2021-02-08/2021-02-14,Europe,798
Beta,2021-02-08/2021-02-14,North America,79
Beta,2021-02-08/2021-02-14,Oceania,1
Beta,2021-02-15/2021-02-21,Africa,444
Beta,2021-02-15/2021-02-21,Asia,93
Beta,2021-02-15/2021-02-21,Europe,742
Beta,2021-02-15/2021-02-21,North America,80
Beta,2021-02-15/2021-02-21,Oceania,1
Beta,2021-02-22/2021-02-28,Africa,265
Beta,2021-02-22/2021-02-28,Asia,123
Beta,2021-02-22/2021-02-28,Europe,917
Beta,2021-02-22/2021-02-28,North America,114
Beta,2021-02-22/2021-02-28,Oceania,1
Beta,2021-02-22/2021-02-28,South America,2
Beta,2021-03-01/2021-03-07,Africa,574
Beta,2021-03-01/2021-03-07,Asia,177
Beta,2021-03-01/2021-03-07,Europe,1345
Beta,2021-03-01/2021-03-07,North America,378
Beta,2021-03-01/2021-03-07,Oceania,5
Beta,2021-03-01/2021-03-07,South America,3
Beta,2021-03-08/2021-03-14,Africa,454
Beta,2021-03-08/2021-03-14,Asia,319
Beta,2021-03-08/2021-03-14,Europe,1345
Beta,2021-03-08/2021-03-14,North America,164
Beta,2021-03-08/2021-03-14,Oceania,3
Beta,2021-03-08/2021-03-14,South America,3
Beta,2021-03-15/2021-03-21,Africa,411
Beta,2021-03-15/2021-03-21,Asia,381
Beta,2021-03-15/2021-03-21,Europe,1485
Beta,2021-03-15/2021-03-21,North America,223
Beta,2021-03-15/2021-03-21,Oceania,5
Beta,2021-03-15/2021-03-21,South America,2
Beta,2021-03-22/2021-03-28,Africa,339
Beta,2021-03-22/2021-03-28,Asia,393
Beta,2021-03-22/2021-03-28,Europe,1269
Beta,2021-03-22/2021-03-28,North America,269
Beta,2021-03-22/2021-03-28,Oceania,5
Beta,2021-03-22/2021-03-28,South America,2
Beta,2021-03-29/2021-04-04,Africa,354
Beta,2021-03-29/2021-04-04,Asia,499
Beta,2021-03-29/2021-04-04,Europe,1574
Beta,2021-03-29/2021-04-04,North America,641
Beta,2021-03-29/2021-04-04,Oceania,8
Beta,2021-03-29/2021-04-04,South America,1
Beta,2021-04-05/2021-04-11,Africa,264
Beta,2021-04-05/2021-04-11,Asia,350
Beta,2021-04-05/2021-04-11,Europe,902
Beta,2021-04-05/2021-04-11,North America,447
Beta,2021-04-05/2021-04-11,Oceania,8
Beta,2021-04-05/2021-04-11,South America,8
Beta,2021-04-12/2021-04-18,Africa,333
Beta,2021-04-12/2021-04-18,Asia,291
Beta,2021-04-12/2021-04-18,Europe,937
Beta,2021-04-12/2021-04-18,North America,425
Beta,2021-04-12/2021-04-18,Oceania,13
Beta,2021-04-19/2021-04-25,Africa,310
Beta,2021-04-19/2021-04-25,Asia,321
Beta,2021-04-19/2021-04-25,Europe,759
Beta,2021-04-19/2021-04-25,North America,360
Beta,2021-04-19/2021-04-25,Oceania,8
Beta,2021-04-19/2021-04-25,South America,1
Beta,2021-04-26/2021-05-02,Africa,307
Beta,2021-04-26/2021-05-02,Asia,327
Beta,2021-04-26/2021-05-02,Europe,765
Beta,2021-04-26/2021-05-02,North America,465
Beta,2021-04-26/2021-05-02,Oceania,4
Beta,2021-05-03/2021-05-09,Africa,363
Beta,2021-05-03/2021-05-09,Asia,270
Beta,2021-05-03/2021-05-09,Europe,628
Beta,2021-05-03/2021-05-09,North America,282
Beta,2021-05-03/2021-05-09,Oceania,1
Beta,2021-05-10/2021-05-16,Africa,334
Beta,2021-05-10/2021-05-16,Asia,176
Beta,2021-05-10/2021-05-16,Europe,528
Beta,2021-05-10/2021-05-16,North America,166
Beta,2021-05-10/2021-05-16,Oceania,2
Beta,2021-05-17/2021-05-23,Africa,374
Beta,2021-05-17/2021-05-23,Asia,163
Beta,2021-05-17/2021-05-23,Europe,293
Beta,2021-05-17/2021-05-23,North America,162
Beta,2021-05-17/2021-05-23,Oceania,5
Beta,2021-05-17/2021-05-23,South America,1
Beta,2021-05-24/2021-05-30,Africa,423
Beta,2021-05-24/2021-05-30,Asia,221
Beta,2021-05-24/2021-05-30,Europe,289
Beta,2021-05-24/2021-05-30,North America,75
Beta,2021-05-24/2021-05-30,Oceania,1
Beta,2021-05-31/2021-06-06,Africa,499
Beta,2021-05-31/2021-06-06,Asia,231
Beta,2021-05-31/2021-06-06,Europe,284
Beta,2021-05-31/2021-06-06,North America,65
Beta,2021-05-31/2021-06-06,Oceania,1
Beta,2021-06-07/2021-06-13,Africa,377
Beta,2021-06-07/2021-06-13,Asia,167
Beta,2021-06-07/2021-06-13,Europe,183
Beta,2021-06-07/2021-06-13,North America,33
Beta,2021-06-07/2021-06-13,Oceania,8
Beta,2021-06-07/2021-06-13,South America,1
Beta,2021-06-14/2021-06-20,Africa,285
Beta,2021-06-14/2021-06-20,Asia,185
Beta,2021-06-14/2021-06-20,Europe,123
Beta,2021-06-14/2021-06-20,North America,20
Beta,2021-06-14/2021-06-20,Oceania,4
Beta,2021-06-21/2021-06-27,Africa,306
Beta,2021-06-21/2021-06-27,Asia,277
Beta,2021-06-21/2021-06-27,Europe,235
Beta,2021-06-21/2021-06-27,North America,25
Beta,2021-06-21/2021-06-27,Oceania,3
Beta,2021-06-21/2021-06-27,South America,1
Beta,2021-06-28/2021-07-04,Africa,275
Beta,2021-06-28/2021-07-04,Asia,180
Beta,2021-06-28/2021-07-04,Europe,506
Beta,2021-06-28/2021-07-04,North America,24
Beta,2021-06-28/2021-07-04,Oceania,5
Beta,2021-07-05/2021-07-11,Africa,257
Beta,2021-07-05/2021-07-11,Asia,190
Beta,2021-07-05/2021-07-11,Europe,362
Beta,2021-07-05/2021-07-11,North America,13
Beta,2021-07-12/2021-07-18,Africa,321
Beta,2021-07-12/2021-07-18,Asia,165
Beta,2021-07-12/2021-07-18,Europe,175
Beta,2021-07-12/2021-07-18,North America,8
Beta,2021-07-19/2021-07-25,Africa,149
Beta,2021-07-19/2021-07-25,Asia,121
Beta,2021-07-19/2021-07-25,Europe,198
Beta,2021-07-19/2021-07-25,North America,12
Beta,2021-07-26/2021-08-01,Africa,98
Beta,2021-07-26/2021-08-01,Asia,85
Beta,2021-07-26/2021-08-01,Europe,122
Beta,2021-07-26/2021-08-01,North America,4
Beta,2021-08-02/2021-08-08,Africa,147
Beta,2021-08-02/2021-08-08,Asia,45
Beta,2021-08-02/2021-08-08,Europe,48
Beta,2021-08-02/2021-08-08,North America,2
Beta,2021-08-09/2021-08-15,Africa,102
Beta,2021-08-09/2021-08-15,Asia,26
Beta,2021-08-09/2021-08-15,Europe,16
Beta,2021-08-09/2021-08-15,North America,2
Beta,2021-08-09/2021-08-15,South America,1
Beta,2021-08-16/2021-08-22,Africa,57
Beta,2021-08-16/2021-08-22,Asia,24
Beta,2021-08-16/2021-08-22,Europe,3
Beta,2021-08-16/2021-08-22,North America,1
Beta,2021-08-23/2021-08-29,Africa,50
Beta,2021-08-23/2021-08-29,Asia,2
Beta,2021-08-23/2021-08-29,Europe,4
Beta,2021-08-23/2021-08-29,North America,1
Beta,2021-08-30/2021-09-05,Africa,24
Beta,2021-08-30/2021-09-05,Asia,14
Beta,2021-08-30/2021-09-05,Europe,10
Beta,2021-08-30/2021-09-05,North America,1
Beta,2021-09-06/2021-09-12,Africa,13
Beta,2021-09-06/2021-09-12,Asia,6
Beta,2021-09-06/2021-09-12,Europe,2
Beta,2021-09-13/2021-09-19,Africa,9
Beta,2021-09-13/2021-09-19,Asia,1
Beta,2021-09-20/2021-09-26,Africa,10
Beta,2021-09-20/2021-09-26,Asia,1
Beta,2021-09-20/2021-09-26,North America,2
Beta,2021-09-27/2021-10-03,Africa,5
Beta,2021-09-27/2021-10-03,Europe,1
Beta,2021-10-04/2021-10-10,Africa,52
Beta,2021-10-04/2021-10-10,Asia,1
Beta,2021-10-04/2021-10-10,Europe,1
Beta,2021-10-11/2021-10-17,Africa,5
Beta,2021-10-11/2021-10-17,Europe,4
Beta,2021-10-11/2021-10-17,South America,1
Beta,2021-10-18/2021-10-24,Africa,5
Beta,2021-10-18/2021-10-24,Asia,2
Beta,2021-10-25/2021-10-31,Africa,3
Beta,2021-10-25/2021-10-31,Asia,3
Beta,2021-10-25/2021-10-31,North America,1
Beta,2021-11-01/2021-11-07,Africa,3
Beta,2021-11-01/2021-11-07,Asia,1
Beta,2021-11-08/2021-11-14,Africa,1
Beta,2021-11-08/2021-11-14,Europe,4
Beta,2021-11-08/2021-11-14,North America,1
Beta,2021-11-15/2021-11-21,Africa,1
Beta,2021-11-22/2021-11-28,Europe,2
Beta,2021-11-29/2021-12-05,Africa,2
Beta,2021-11-29/2021-12-05,Asia,2
Beta,2021-11-29/2021-12-05,North America,1
Beta,2021-12-06/2021-12-12,North America,1
Beta,2021-12-13/2021-12-19,Europe,1
Beta,2021-12-27/2022-01-02,Europe,1
Beta,2022-01-03/2022-01-09,Africa,1
Beta,2022-01-10/2022-01-16,Europe,2
Beta,2022-01-24/2022-01-30,Africa,1
Beta,2022-01-31/2022-02-06,Africa,1
Beta,2022-02-14/2022-02-20,Africa,2
Beta,2022-02-28/2022-03-06,Africa,2
Beta,2022-03-14/2022-03-20,Europe,2
Beta,2022-03-21/2022-03-27,Europe,1
Delta,2019-12-30/2020-01-05,Africa,1
Delta,2019-12-30/2020-01-05,Europe,1
Delta,2020-03-09/2020-03-15,North America,1
Delta,2020-03-23/2020-03-29,Africa,1
Delta,2020-03-30/2020-04-05,Africa,5
Delta,2020-03-30/2020-04-05,Europe,1
Delta,2020-04-06/2020-04-12,Africa,2
Delta,2020-05-04/2020-05-10,Africa,2
Delta,2020-05-11/2020-05-17,Europe,18
Delta,2020-05-11/2020-05-17,North America,1
Delta,2020-05-25/2020-05-31,Africa,1
Delta,2020-06-01/2020-06-07,Africa,2
Delta,2020-06-01/2020-06-07,Asia,1
Delta,2020-06-08/2020-06-14,Europe,5
Delta,2020-07-06/2020-07-12,Europe,3
Delta,2020-07-06/2020-07-12,North America,1
Delta,2020-07-13/2020-07-19,Africa,1
Delta,2020-07-13/2020-07-19,North America,61
Delta,2020-07-20/2020-07-26,North America,1
Delta,2020-07-27/2020-08-02,Asia,5
Delta,2020-07-27/2020-08-02,Europe,1
Delta,2020-07-27/2020-08-02,North America,3
Delta,2020-07-27/2020-08-02,Oceania,1
Delta,2020-08-03/2020-08-09,Europe,1
Delta,2020-08-10/2020-08-16,Europe,32
Delta,2020-08-17/2020-08-23,Europe,1
Delta,2020-08-17/2020-08-23,North America,2
Delta,2020-08-24/2020-08-30,Africa,1
Delta,2020-08-24/2020-08-30,Asia,1
Delta,2020-08-24/2020-08-30,Oceania,1
Delta,2020-08-31/2020-09-06,Asia,4
Delta,2020-08-31/2020-09-06,Europe,1
Delta,2020-08-31/2020-09-06,North America,2
Delta,2020-09-07/2020-09-13,Africa,1
Delta,2020-09-07/2020-09-13,Asia,4
Delta,2020-09-07/2020-09-13,Europe,25
Delta,2020-09-07/2020-09-13,North America,1
Delta,2020-09-14/2020-09-20,Africa,2
Delta,2020-09-14/2020-09-20,Asia,1
Delta,2020-09-14/2020-09-20,North America,1
Delta,2020-09-21/2020-09-27,North America,1
Delta,2020-09-28/2020-10-04,Asia,3
Delta,2020-09-28/2020-10-04,Europe,4
Delta,2020-09-28/2020-10-04,North America,1
Delta,2020-10-05/2020-10-11,Europe,7
Delta,2020-10-05/2020-10-11,North America,2
Delta,2020-10-12/2020-10-18,Europe,42
Delta,2020-10-19/2020-10-25,Asia,2
Delta,2020-10-19/2020-10-25,Europe,8
Delta,2020-10-26/2020-11-01,Asia,9
Delta,2020-10-26/2020-11-01,Europe,45
Delta,2020-10-26/2020-11-01,North America,3
Delta,2020-11-02/2020-11-08,Asia,12
Delta,2020-11-02/2020-11-08,Europe,8
Delta,2020-11-02/2020-11-08,North America,1
Delta,2020-11-09/2020-11-15,Asia,6
Delta,2020-11-09/2020-11-15,Europe,3
Delta,2020-11-09/2020-11-15,South America,3
Delta,2020-11-16/2020-11-22,Asia,4
Delta,2020-11-16/2020-11-22,Europe,2
Delta,2020-11-16/2020-11-22,North America,3
Delta,2020-11-23/2020-11-29,Asia,8
Delta,2020-11-23/2020-11-29,Europe,1
Delta,2020-11-23/2020-11-29,North America,1
Delta,2020-11-30/2020-12-06,Africa,4
Delta,2020-11-30/2020-12-06,Asia,25
Delta,2020-11-30/2020-12-06,Europe,6
Delta,2020-11-30/2020-12-06,North America,2
Delta,2020-12-07/2020-12-13,Africa,3
Delta,2020-12-07/2020-12-13,Asia,10
Delta,2020-12-07/2020-12-13,North America,8
Delta,2020-12-14/2020-12-20,Africa,6
Delta,2020-12-14/2020-12-20,Asia,2
Delta,2020-12-14/2020-12-20,North America,2
Delta,2020-12-21/2020-12-27,Africa,5
Delta,2020-12-21/2020-12-27,Europe,3
Delta,2020-12-21/2020-12-27,North America,4
Delta,2020-12-28/2021-01-03,Africa,346
Delta,2020-12-28/2021-01-03,Asia,4186
Delta,2020-12-28/2021-01-03,Europe,28001
Delta,2020-12-28/2021-01-03,North America,2734
Delta,2020-12-28/2021-01-03,Oceania,298
Delta,2020-12-28/2021-01-03,South America,5
Delta,2021-01-04/2021-01-10,Africa,7
Delta,2021-01-04/2021-01-10,Asia,131
Delta,2021-01-04/2021-01-10,Europe,48
Delta,2021-01-04/2021-01-10,North America,14
Delta,2021-01-04/2021-01-10,South America,1
Delta,2021-01-11/2021-01-17,Africa,3
Delta,2021-01-11/2021-01-17,Asia,39
Delta,2021-01-11/2021-01-17,Europe,40
Delta,2021-01-11/2021-01-17,North America,35
Delta,2021-01-18/2021-01-24,Africa,2
Delta,2021-01-18/2021-01-24,Asia,10
Delta,2021-01-18/2021-01-24,Europe,16
Delta,2021-01-18/2021-01-24,North America,6
Delta,2021-01-18/2021-01-24,Oceania,1
Delta,2021-01-25/2021-01-31,Africa,15
Delta,2021-01-25/2021-01-31,Asia,23
Delta,2021-01-25/2021-01-31,Europe,16
Delta,2021-01-25/2021-01-31,North America,5
Delta,2021-02-01/2021-02-07,Africa,12
Delta,2021-02-01/2021-02-07,Asia,49
Delta,2021-02-01/2021-02-07,Europe,8
Delta,2021-02-01/2021-02-07,North America,7
Delta,2021-02-08/2021-02-14,Africa,26
Delta,2021-02-08/2021-02-14,Asia,146
Delta,2021-02-08/2021-02-14,Europe,67
Delta,2021-02-08/2021-02-14,North America,14
Delta,2021-02-08/2021-02-14,Oceania,1
Delta,2021-02-08/2021-02-14,South America,1
Delta,2021-02-15/2021-02-21,Africa,16
Delta,2021-02-15/2021-02-21,Asia,16
Delta,2021-02-15/2021-02-21,Europe,7
Delta,2021-02-15/2021-02-21,North America,1
Delta,2021-02-15/2021-02-21,South America,1
Delta,2021-02-22/2021-02-28,Africa,13
Delta,2021-02-22/2021-02-28,Asia,15
Delta,2021-02-22/2021-02-28,Europe,10
Delta,2021-02-22/2021-02-28,North America,6
Delta,2021-02-22/2021-02-28,South America,1
Delta,2021-03-01/2021-03-07,Africa,77
Delta,2021-03-01/2021-03-07,Asia,115
Delta,2021-03-01/2021-03-07,Europe,12
Delta,2021-03-01/2021-03-07,North America,8
Delta,2021-03-01/2021-03-07,South America,2
Delta,2021-03-08/2021-03-14,Africa,23
Delta,2021-03-08/2021-03-14,Asia,129
Delta,2021-03-08/2021-03-14,Europe,383
Delta,2021-03-08/2021-03-14,North America,15
Delta,2021-03-08/2021-03-14,South America,3
Delta,2021-03-15/2021-03-21,Africa,23
Delta,2021-03-15/2021-03-21,Asia,203
Delta,2021-03-15/2021-03-21,Europe,208
Delta,2021-03-15/2021-03-21,North America,11
Delta,2021-03-15/2021-03-21,Oceania,2
Delta,2021-03-22/2021-03-28,Africa,9
Delta,2021-03-22/2021-03-28,Asia,337
Delta,2021-03-22/2021-03-28,Europe,24
Delta,2021-03-22/2021-03-28,North America,15
Delta,2021-03-29/2021-04-04,Africa,33
Delta,2021-03-29/2021-04-04,Asia,1198
Delta,2021-03-29/2021-04-04,Europe,70
Delta,2021-03-29/2021-04-04,North America,212
Delta,2021-03-29/2021-04-04,Oceania,6
Delta,2021-04-05/2021-04-11,Africa,27
Delta,2021-04-05/2021-04-11,Asia,1858
Delta,2021-04-05/2021-04-11,Europe,149
Delta,2021-04-05/2021-04-11,North America,120
Delta,2021-04-05/2021-04-11,Oceania,5
Delta,2021-04-05/2021-04-11,South America,15
Delta,2021-04-12/2021-04-18,Africa,21
Delta,2021-04-12/2021-04-18,Asia,2436
Delta,2021-04-12/2021-04-18,Europe,256
Delta,2021-04-12/2021-04-18,North America,259
Delta,2021-04-12/2021-04-18,Oceania,42
Delta,2021-04-12/2021-04-18,South America,5
Delta,2021-04-19/2021-04-25,Africa,27
Delta,2021-04-19/2021-04-25,Asia,2636
Delta,2021-04-19/2021-04-25,Europe,710
Delta,2021-04-19/2021-04-25,North America,517
Delta,2021-04-19/2021-04-25,Oceania,58
Delta,2021-04-19/2021-04-25,South America,3
Delta,2021-04-26/2021-05-02,Africa,85
Delta,2021-04-26/2021-05-02,Asia,4686
Delta,2021-04-26/2021-05-02,Europe,1274
Delta,2021-04-26/2021-05-02,North America,1068
Delta,2021-04-26/2021-05-02,Oceania,44
Delta,2021-04-26/2021-05-02,South America,6
Delta,2021-05-03/2021-05-09,Africa,58
Delta,2021-05-03/2021-05-09,Asia,3196
Delta,2021-05-03/2021-05-09,Europe,2355
Delta,2021-05-03/2021-05-09,North America,838
Delta,2021-05-03/2021-05-09,Oceania,53
Delta,2021-05-10/2021-05-16,Africa,59
Delta,2021-05-10/2021-05-16,Asia,3306
Delta,2021-05-10/2021-05-16,Europe,3734
Delta,2021-05-10/2021-05-16,North America,1003
Delta,2021-05-10/2021-05-16,Oceania,17
Delta,2021-05-10/2021-05-16,South America,22
Delta,2021-05-17/2021-05-23,Africa,137
Delta,2021-05-17/2021-05-23,Asia,3456
Delta,2021-05-17/2021-05-23,Europe,6983
Delta,2021-05-17/2021-05-23,North America,1225
Delta,2021-05-17/2021-05-23,Oceania,33
Delta,2021-05-17/2021-05-23,South America,4
Delta,2021-05-24/2021-05-30,Africa,325
Delta,2021-05-24/2021-05-30,Asia,2568
Delta,2021-05-24/2021-05-30,Europe,12684
Delta,2021-05-24/2021-05-30,North America,1474
Delta,2021-05-24/2021-05-30,Oceania,13
Delta,2021-05-24/2021-05-30,South America,3
Delta,2021-05-31/2021-06-06,Africa,790
Delta,2021-05-31/2021-06-06,Asia,3719
Delta,2021-05-31/2021-06-06,Europe,22086
Delta,2021-05-31/2021-06-06,North America,4151
Delta,2021-05-31/2021-06-06,Oceania,33
Delta,2021-05-31/2021-06-06,South America,23
Delta,2021-06-07/2021-06-13,Africa,589
Delta,2021-06-07/2021-06-13,Asia,2603
Delta,2021-06-07/2021-06-13,Europe,18119
Delta,2021-06-07/2021-06-13,North America,3754
Delta,2021-06-07/2021-06-13,Oceania,88
Delta,2021-06-07/2021-06-13,South America,32
Delta,2021-06-14/2021-06-20,Africa,1167
Delta,2021-06-14/2021-06-20,Asia,3224
Delta,2021-06-14/2021-06-20,Europe,22800
Delta,2021-06-14/2021-06-20,North America,5399
Delta,2021-06-14/2021-06-20,Oceania,263
Delta,2021-06-14/2021-06-20,South America,46
Delta,2021-06-21/2021-06-27,Africa,1435
Delta,2021-06-21/2021-06-27,Asia,4335
Delta,2021-06-21/2021-06-27,Europe,32870
Delta,2021-06-21/2021-06-27,North America,8654
Delta,2021-06-21/2021-06-27,Oceania,221
Delta,2021-06-21/2021-06-27,South America,91
Delta,2021-06-28/2021-07-04,Africa,1824
Delta,2021-06-28/2021-07-04,Asia,6158
Delta,2021-06-28/2021-07-04,Europe,45867
Delta,2021-06-28/2021-07-04,North America,15698
Delta,2021-06-28/2021-07-04,Oceania,295
Delta,2021-06-28/2021-07-04,South America,173
Delta,2021-07-05/2021-07-11,Africa,2003
Delta,2021-07-05/2021-07-11,Asia,5206
Delta,2021-07-05/2021-07-11,Europe,49822
Delta,2021-07-05/2021-07-11,North America,22444
Delta,2021-07-05/2021-07-11,Oceania,611
Delta,2021-07-05/2021-07-11,South America,322
Delta,2021-07-12/2021-07-18,Africa,1729
Delta,2021-07-12/2021-07-18,Asia,6401
Delta,2021-07-12/2021-07-18,Europe,54328
Delta,2021-07-12/2021-07-18,North America,34110
Delta,2021-07-12/2021-07-18,Oceania,811
Delta,2021-07-12/2021-07-18,South America,534
Delta,2021-07-19/2021-07-25,Africa,1611
Delta,2021-07-19/2021-07-25,Asia,9547
Delta,2021-07-19/2021-07-25,Europe,73532
Delta,2021-07-19/2021-07-25,North America,54221
Delta,2021-07-19/2021-07-25,Oceania,993
Delta,2021-07-19/2021-07-25,South America,591
Delta,2021-07-26/2021-08-01,Africa,2319
Delta,2021-07-26/2021-08-01,Asia,13767
Delta,2021-07-26/2021-08-01,Europe,75546
Delta,2021-07-26/2021-08-01,North America,82729
Delta,2021-07-26/2021-08-01,Oceania,1359
Delta,2021-07-26/2021-08-01,South America,906
Delta,2021-08-02/2021-08-08,Africa,2099
Delta,2021-08-02/2021-08-08,Asia,13618
Delta,2021-08-02/2021-08-08,Europe,73093
Delta,2021-08-02/2021-08-08,North America,85234
Delta,2021-08-02/2021-08-08,Oceania,1492
Delta,2021-08-02/2021-08-08,South America,1758
Delta,2021-08-09/2021-08-15,Africa,2172
Delta,2021-08-09/2021-08-15,Asia,16860
Delta,2021-08-09/2021-08-15,Europe,80367
Delta,2021-08-09/2021-08-15,North America,75054
Delta,2021-08-09/2021-08-15,Oceania,1506
Delta,2021-08-09/2021-08-15,South America,2323
Delta,2021-08-16/2021-08-22,Africa,1819
Delta,2021-08-16/2021-08-22,Asia,21956
Delta,2021-08-16/2021-08-22,Europe,98677
Delta,2021-08-16/2021-08-22,North America,74766
Delta,2021-08-16/2021-08-22,Oceania,2058
Delta,2021-08-16/2021-08-22,South America,2135
Delta,2021-08-23/2021-08-29,Africa,2082
Delta,2021-08-23/2021-08-29,Asia,22379
Delta,2021-08-23/2021-08-29,Europe,82787
Delta,2021-08-23/2021-08-29,North America,76196
Delta,2021-08-23/2021-08-29,Oceania,2154
Delta,2021-08-23/2021-08-29,South America,2777
Delta,2021-08-30/2021-09-05,Africa,1951
Delta,2021-08-30/2021-09-05,Asia,18159
Delta,2021-08-30/2021-09-05,Europe,85764
Delta,2021-08-30/2021-09-05,North America,87190
Delta,2021-08-30/2021-09-05,Oceania,2686
Delta,2021-08-30/2021-09-05,South America,3853
Delta,2021-09-06/2021-09-12,Africa,1558
Delta,2021-09-06/2021-09-12,Asia,13110
Delta,2021-09-06/2021-09-12,Europe,79823
Delta,2021-09-06/2021-09-12,North America,79713
Delta,2021-09-06/2021-09-12,Oceania,3001
Delta,2021-09-06/2021-09-12,South America,4153
Delta,2021-09-13/2021-09-19,Africa,1280
Delta,2021-09-13/2021-09-19,Asia,9162
Delta,2021-09-13/2021-09-19,Europe,73770
Delta,2021-09-13/2021-09-19,North America,71299
Delta,2021-09-13/2021-09-19,Oceania,1495
Delta,2021-09-13/2021-09-19,South America,3876
Delta,2021-09-20/2021-09-26,Africa,983
Delta,2021-09-20/2021-09-26,Asia,6566
Delta,2021-09-20/2021-09-26,Europe,69714
Delta,2021-09-20/2021-09-26,North America,62740
Delta,2021-09-20/2021-09-26,Oceania,1155
Delta,2021-09-20/2021-09-26,South America,3888
Delta,2021-09-27/2021-10-03,Africa,642
Delta,2021-09-27/2021-10-03,Asia,6702
Delta,2021-09-27/2021-10-03,Europe,74229
Delta,2021-09-27/2021-10-03,North America,66855
Delta,2021-09-27/2021-10-03,Oceania,1960
Delta,2021-09-27/2021-10-03,South America,4735
Delta,2021-10-04/2021-10-10,Africa,747
Delta,2021-10-04/2021-10-10,Asia,6613
Delta,2021-10-04/2021-10-10,Europe,72663
Delta,2021-10-04/2021-10-10,North America,65436
Delta,2021-10-04/2021-10-10,Oceania,1720
Delta,2021-10-04/2021-10-10,South America,4667
Delta,2021-10-11/2021-10-17,Africa,615
Delta,2021-10-11/2021-10-17,Asia,6114
Delta,2021-10-11/2021-10-17,Europe,71426
Delta,2021-10-11/2021-10-17,North America,57823
Delta,2021-10-11/2021-10-17,Oceania,1814
Delta,2021-10-11/2021-10-17,South America,3849
Delta,2021-10-18/2021-10-24,Africa,585
Delta,2021-10-18/2021-10-24,Asia,6080
Delta,2021-10-18/2021-10-24,Europe,86688
Delta,2021-10-18/2021-10-24,North America,59450
Delta,2021-10-18/2021-10-24,Oceania,1674
Delta,2021-10-18/2021-10-24,South America,3810
Delta,2021-10-25/2021-10-31,Africa,545
Delta,2021-10-25/2021-10-31,Asia,5263
Delta,2021-10-25/2021-10-31,Europe,93640
Delta,2021-10-25/2021-10-31,North America,60368
Delta,2021-10-25/2021-10-31,Oceania,1129
Delta,2021-10-25/2021-10-31,South America,3527
Delta,2021-11-01/2021-11-07,Africa,429
Delta,2021-11-01/2021-11-07,Asia,6867
Delta,2021-11-01/2021-11-07,Europe,102531
Delta,2021-11-01/2021-11-07,North America,73453
Delta,2021-11-01/2021-11-07,Oceania,1272
Delta,2021-11-01/2021-11-07,South America,4367
Delta,2021-11-08/2021-11-14,Africa,510
Delta,2021-11-08/2021-11-14,Asia,5491
Delta,2021-11-08/2021-11-14,Europe,105796
Delta,2021-11-08/2021-11-14,North America,67120
Delta,2021-11-08/2021-11-14,Oceania,1646
Delta,2021-11-08/2021-11-14,South America,4323
Delta,2021-11-15/2021-11-21,Africa,640
Delta,2021-11-15/2021-11-21,Asia,5380
Delta,2021-11-15/2021-11-21,Europe,111826
Delta,2021-11-15/2021-11-21,North America,63961
Delta,2021-11-15/2021-11-21,Oceania,1357
Delta,2021-11-15/2021-11-21,South America,3682
Delta,2021-11-22/2021-11-28,Africa,617
Delta,2021-11-22/2021-11-28,Asia,6101
Delta,2021-11-22/2021-11-28,Europe,113222
Delta,2021-11-22/2021-11-28,North America,52692
Delta,2021-11-22/2021-11-28,Oceania,1647
Delta,2021-11-22/2021-11-28,South America,3311
Delta,2021-11-29/2021-12-05,Africa,577
Delta,2021-11-29/2021-12-05,Asia,7467
Delta,2021-11-29/2021-12-05,Europe,133562
Delta,2021-11-29/2021-12-05,North America,75874
Delta,2021-11-29/2021-12-05,Oceania,1857
Delta,2021-11-29/2021-12-05,South America,3247
Delta,2021-12-06/2021-12-12,Africa,490
Delta,2021-12-06/2021-12-12,Asia,6294
Delta,2021-12-06/2021-12-12,Europe,113045
Delta,2021-12-06/2021-12-12,North America,64503
Delta,2021-12-06/2021-12-12,Oceania,2102
Delta,2021-12-06/2021-12-12,South America,2850
Delta,2021-12-13/2021-12-19,Africa,545
Delta,2021-12-13/2021-12-19,Asia,5953
Delta,2021-12-13/2021-12-19,Europe,70034
Delta,2021-12-13/2021-12-19,North America,48048
Delta,2021-12-13/2021-12-19,Oceania,1631
Delta,2021-12-13/2021-12-19,South America,2580
Delta,2021-12-20/2021-12-26,Africa,318
Delta,2021-12-20/2021-12-26,Asia,5522
Delta,2021-12-20/2021-12-26,Europe,37009
Delta,2021-12-20/2021-12-26,North America,21165
Delta,2021-12-20/2021-12-26,Oceania,1480
Delta,2021-12-20/2021-12-26,South America,1464
Delta,2021-12-27/2022-01-02,Africa,362
Delta,2021-12-27/2022-01-02,Asia,4313
Delta,2021-12-27/2022-01-02,Europe,25500
Delta,2021-12-27/2022-01-02,North America,11142
Delta,2021-12-27/2022-01-02,Oceania,631
Delta,2021-12-27/2022-01-02,South America,802
Delta,2022-01-03/2022-01-09,Africa,223
Delta,2022-01-03/2022-01-09,Asia,3113
Delta,2022-01-03/2022-01-09,Europe,14339
Delta,2022-01-03/2022-01-09,North America,5029
Delta,2022-01-03/2022-01-09,Oceania,298
Delta,2022-01-03/2022-01-09,South America,594
Delta,2022-01-10/2022-01-16,Africa,145
Delta,2022-01-10/2022-01-16,Asia,1508
Delta,2022-01-10/2022-01-16,Europe,7027
Delta,2022-01-10/2022-01-16,North America,2043
Delta,2022-01-10/2022-01-16,Oceania,187
Delta,2022-01-10/2022-01-16,South America,237
Delta,2022-01-17/2022-01-23,Africa,16
Delta,2022-01-17/2022-01-23,Asia,683
Delta,2022-01-17/2022-01-23,Europe,2976
Delta,2022-01-17/2022-01-23,North America,893
Delta,2022-01-17/2022-01-23,Oceania,136
Delta,2022-01-17/2022-01-23,South America,87
Delta,2022-01-24/2022-01-30,Africa,17
Delta,2022-01-24/2022-01-30,Asia,300
Delta,2022-01-24/2022-01-30,Europe,1179
Delta,2022-01-24/2022-01-30,North America,441
Delta,2022-01-24/2022-01-30,Oceania,68
Delta,2022-01-24/2022-01-30,South America,32
Delta,2022-01-31/2022-02-06,Africa,7
Delta,2022-01-31/2022-02-06,Asia,207
Delta,2022-01-31/2022-02-06,Europe,608
Delta,2022-01-31/2022-02-06,North America,372
Delta,2022-01-31/2022-02-06,Oceania,38
Delta,2022-01-31/2022-02-06,South America,16
Delta,2022-02-07/2022-02-13,Africa,6
Delta,2022-02-07/2022-02-13,Asia,153
Delta,2022-02-07/2022-02-13,Europe,319
Delta,2022-02-07/2022-02-13,North America,115
Delta,2022-02-07/2022-02-13,Oceania,11
Delta,2022-02-07/2022-02-13,South America,5
Delta,2022-02-14/2022-02-20,Africa,6
Delta,2022-02-14/2022-02-20,Asia,123
Delta,2022-02-14/2022-02-20,Europe,141
Delta,2022-02-14/2022-02-20,North America,55
Delta,2022-02-14/2022-02-20,Oceania,7
Delta,2022-02-14/2022-02-20,South America,7
Delta,2022-02-21/2022-02-27,Africa,8
Delta,2022-02-21/2022-02-27,Asia,47
Delta,2022-02-21/2022-02-27,Europe,103
Delta,2022-02-21/2022-02-27,North America,47
Delta,2022-02-21/2022-02-27,Oceania,4
Delta,2022-02-21/2022-02-27,South America,6
Delta,2022-02-28/2022-03-06,Africa,4
Delta,2022-02-28/2022-03-06,Asia,34
Delta,2022-02-28/2022-03-06,Europe,52
Delta,2022-02-28/2022-03-06,North America,28
Delta,2022-02-28/2022-03-06,Oceania,16
Delta,2022-02-28/2022-03-06,South America,3
Delta,2022-03-07/2022-03-13,Africa,3
Delta,2022-03-07/2022-03-13,Asia,33
Delta,2022-03-07/2022-03-13,Europe,54
Delta,2022-03-07/2022-03-13,North America,23
Delta,2022-03-07/2022-03-13,Oceania,10
Delta,2022-03-07/2022-03-13,South America,5
Delta,2022-03-14/2022-03-20,Africa,2
Delta,2022-03-14/2022-03-20,Asia,29
Delta,2022-03-14/2022-03-20,Europe,50
Delta,2022-03-14/2022-03-20,North America,17
Delta,2022-03-14/2022-03-20,Oceania,26
Delta,2022-03-14/2022-03-20,South America,4
Delta,2022-03-21/2022-03-27,Africa,2
Delta,2022-03-21/2022-03-27,Asia,12
Delta,2022-03-21/2022-03-27,Europe,22
Delta,2022-03-21/2022-03-27,North America,23
Delta,2022-03-21/2022-03-27,Oceania,15
Delta,2022-03-21/2022-03-27,South America,2
Delta,2022-03-28/2022-04-03,Africa,4
Delta,2022-03-28/2022-04-03,Asia,12
Delta,2022-03-28/2022-04-03,Europe,14
Delta,2022-03-28/2022-04-03,North America,10
Delta,2022-03-28/2022-04-03,Oceania,4
Delta,2022-04-04/2022-04-10,Africa,1
Delta,2022-04-04/2022-04-10,Asia,2
Delta,2022-04-04/2022-04-10,Europe,13
Delta,2022-04-04/2022-04-10,North America,8
Delta,2022-04-04/2022-04-10,Oceania,1
Delta,2022-04-04/2022-04-10,South America,2
Delta,2022-04-11/2022-04-17,Africa,1
Delta,2022-04-11/2022-04-17,Asia,3
Delta,2022-04-11/2022-04-17,Europe,9
Delta,2022-04-11/2022-04-17,North America,12
Delta,2022-04-11/2022-04-17,Oceania,3
Delta,2022-04-18/2022-04-24,Asia,4
Delta,2022-04-18/2022-04-24,Europe,6
Delta,2022-04-18/2022-04-24,North America,8
Delta,2022-04-18/2022-04-24,Oceania,1
Delta,2022-04-25/2022-05-01,Africa,1
Delta,2022-04-25/2022-05-01,Asia,3
Delta,2022-04-25/2022-05-01,Europe,5
Delta,2022-04-25/2022-05-01,North America,9
Delta,2022-04-25/2022-05-01,Oceania,1
Delta,2022-04-25/2022-05-01,South America,1
Delta,2022-05-02/2022-05-08,Africa,1
Delta,2022-05-02/2022-05-08,Asia,1
Delta,2022-05-02/2022-05-08,Europe,2
Delta,2022-05-02/2022-05-08,South America,1
Delta,2022-05-09/2022-05-15,Asia,1
Delta,2022-05-09/2022-05-15,Europe,6
Delta,2022-05-09/2022-05-15,North America,3
Delta,2022-05-16/2022-05-22,Asia,1
Delta,2022-05-16/2022-05-22,Europe,3
Delta,2022-05-16/2022-05-22,North America,2
Delta,2022-05-23/2022-05-29,Europe,2
Delta,2022-05-23/2022-05-29,North America,2
Delta,2022-05-30/2022-06-05,Europe,1
Gamma,2019-12-30/2020-01-05,Africa,1
Gamma,2019-12-30/2020-01-05,Europe,1
Gamma,2020-04-06/2020-04-12,North America,1
Gamma,2020-04-20/2020-04-26,North America,1
Gamma,2020-04-27/2020-05-03,North America,1
Gamma,2020-04-27/2020-05-03,South America,1
Gamma,2020-05-04/2020-05-10,South America,2
Gamma,2020-07-20/2020-07-26,South America,1
Gamma,2020-07-27/2020-08-02,South America,1
Gamma,2020-08-03/2020-08-09,South America,1
Gamma,2020-08-17/2020-08-23,South America,1
Gamma,2020-08-24/2020-08-30,South America,1
Gamma,2020-09-07/2020-09-13,South America,1
Gamma,2020-09-21/2020-09-27,South America,1
Gamma,2020-09-28/2020-10-04,South America,1
Gamma,2020-10-12/2020-10-18,South America,1
Gamma,2020-10-19/2020-10-25,South America,2
Gamma,2020-10-26/2020-11-01,South America,4
Gamma,2020-11-02/2020-11-08,South America,1
Gamma,2020-11-16/2020-11-22,South America,3
Gamma,2020-11-30/2020-12-06,North America,5
Gamma,2020-11-30/2020-12-06,South America,5
Gamma,2020-12-07/2020-12-13,South America,2
Gamma,2020-12-14/2020-12-20,South America,28
Gamma,2020-12-21/2020-12-27,North America,1
Gamma,2020-12-21/2020-12-27,South America,67
Gamma,2020-12-28/2021-01-03,Asia,10
Gamma,2020-12-28/2021-01-03,Europe,119
Gamma,2020-12-28/2021-01-03,North America,82
Gamma,2020-12-28/2021-01-03,South America,97
Gamma,2021-01-04/2021-01-10,Asia,1
Gamma,2021-01-04/2021-01-10,Europe,5
Gamma,2021-01-04/2021-01-10,North America,1
Gamma,2021-01-04/2021-01-10,South America,104
Gamma,2021-01-11/2021-01-17,Europe,6
Gamma,2021-01-11/2021-01-17,North America,5
Gamma,2021-01-11/2021-01-17,South America,96
Gamma,2021-01-18/2021-01-24,Europe,17
Gamma,2021-01-18/2021-01-24,North America,4
Gamma,2021-01-18/2021-01-24,South America,163
Gamma,2021-01-25/2021-01-31,Asia,5
Gamma,2021-01-25/2021-01-31,Europe,31
Gamma,2021-01-25/2021-01-31,North America,4
Gamma,2021-01-25/2021-01-31,South America,160
Gamma,2021-02-01/2021-02-07,Asia,2
Gamma,2021-02-01/2021-02-07,Europe,75
Gamma,2021-02-01/2021-02-07,North America,115
Gamma,2021-02-01/2021-02-07,South America,282
Gamma,2021-02-08/2021-02-14,Asia,4
Gamma,2021-02-08/2021-02-14,Europe,202
Gamma,2021-02-08/2021-02-14,North America,13
Gamma,2021-02-08/2021-02-14,South America,342
Gamma,2021-02-15/2021-02-21,Asia,2
Gamma,2021-02-15/2021-02-21,Europe,150
Gamma,2021-02-15/2021-02-21,North America,13
Gamma,2021-02-15/2021-02-21,South America,481
Gamma,2021-02-22/2021-02-28,Asia,9
Gamma,2021-02-22/2021-02-28,Europe,146
Gamma,2021-02-22/2021-02-28,North America,49
Gamma,2021-02-22/2021-02-28,South America,781
Gamma,2021-03-01/2021-03-07,Asia,6
Gamma,2021-03-01/2021-03-07,Europe,257
Gamma,2021-03-01/2021-03-07,North America,926
Gamma,2021-03-01/2021-03-07,Oceania,3
Gamma,2021-03-01/2021-03-07,South America,842
Gamma,2021-03-08/2021-03-14,Asia,26
Gamma,2021-03-08/2021-03-14,Europe,256
Gamma,2021-03-08/2021-03-14,North America,309
Gamma,2021-03-08/2021-03-14,Oceania,2
Gamma,2021-03-08/2021-03-14,South America,951
Gamma,2021-03-15/2021-03-21,Asia,11
Gamma,2021-03-15/2021-03-21,Europe,358
Gamma,2021-03-15/2021-03-21,North America,756
Gamma,2021-03-15/2021-03-21,Oceania,1
Gamma,2021-03-15/2021-03-21,South America,1122
Gamma,2021-03-22/2021-03-28,Africa,1
Gamma,2021-03-22/2021-03-28,Asia,6
Gamma,2021-03-22/2021-03-28,Europe,315
Gamma,2021-03-22/2021-03-28,North America,1675
Gamma,2021-03-22/2021-03-28,Oceania,2
Gamma,2021-03-22/2021-03-28,South America,1519
Gamma,2021-03-29/2021-04-04,Asia,16
Gamma,2021-03-29/2021-04-04,Europe,405
Gamma,2021-03-29/2021-04-04,North America,4123
Gamma,2021-03-29/2021-04-04,South America,1455
Gamma,2021-04-05/2021-04-11,Asia,15
Gamma,2021-04-05/2021-04-11,Europe,517
Gamma,2021-04-05/2021-04-11,North America,3309
Gamma,2021-04-05/2021-04-11,Oceania,2
Gamma,2021-04-05/2021-04-11,South America,2458
Gamma,2021-04-12/2021-04-18,Asia,7
Gamma,2021-04-12/2021-04-18,Europe,503
Gamma,2021-04-12/2021-04-18,North America,3667
Gamma,2021-04-12/2021-04-18,Oceania,1
Gamma,2021-04-12/2021-04-18,South America,2009
Gamma,2021-04-19/2021-04-25,Asia,9
Gamma,2021-04-19/2021-04-25,Europe,588
Gamma,2021-04-19/2021-04-25,North America,3543
Gamma,2021-04-19/2021-04-25,Oceania,2
Gamma,2021-04-19/2021-04-25,South America,2385
Gamma,2021-04-26/2021-05-02,Africa,1
Gamma,2021-04-26/2021-05-02,Asia,14
Gamma,2021-04-26/2021-05-02,Europe,578
Gamma,2021-04-26/2021-05-02,North America,5005
Gamma,2021-04-26/2021-05-02,Oceania,1
Gamma,2021-04-26/2021-05-02,South America,2275
Gamma,2021-05-03/2021-05-09,Asia,10
Gamma,2021-05-03/2021-05-09,Europe,556
Gamma,2021-05-03/2021-05-09,North America,3957
Gamma,2021-05-03/2021-05-09,South America,2169
Gamma,2021-05-10/2021-05-16,Asia,5
Gamma,2021-05-10/2021-05-16,Europe,543
Gamma,2021-05-10/2021-05-16,North America,3499
Gamma,2021-05-10/2021-05-16,Oceania,1
Gamma,2021-05-10/2021-05-16,South America,2166
Gamma,2021-05-17/2021-05-23,Asia,5
Gamma,2021-05-17/2021-05-23,Europe,662
Gamma,2021-05-17/2021-05-23,North America,3213
Gamma,2021-05-17/2021-05-23,South America,2463
Gamma,2021-05-24/2021-05-30,Europe,509
Gamma,2021-05-24/2021-05-30,North America,2387
Gamma,2021-05-24/2021-05-30,South America,2512
Gamma,2021-05-31/2021-06-06,Europe,589
Gamma,2021-05-31/2021-06-06,North America,2477
Gamma,2021-05-31/2021-06-06,Oceania,1
Gamma,2021-05-31/2021-06-06,South America,2955
Gamma,2021-06-07/2021-06-13,Asia,9
Gamma,2021-06-07/2021-06-13,Europe,365
Gamma,2021-06-07/2021-06-13,North America,2028
Gamma,2021-06-07/2021-06-13,South America,3404
Gamma,2021-06-14/2021-06-20,Asia,5
Gamma,2021-06-14/2021-06-20,Europe,342
Gamma,2021-06-14/2021-06-20,North America,1622
Gamma,2021-06-14/2021-06-20,South America,2708
Gamma,2021-06-21/2021-06-27,Asia,3
Gamma,2021-06-21/2021-06-27,Europe,460
Gamma,2021-06-21/2021-06-27,North America,1548
Gamma,2021-06-21/2021-06-27,South America,2823
Gamma,2021-06-28/2021-07-04,Asia,6
Gamma,2021-06-28/2021-07-04,Europe,613
Gamma,2021-06-28/2021-07-04,North America,1300
Gamma,2021-06-28/2021-07-04,South America,3763
Gamma,2021-07-05/2021-07-11,Asia,3
Gamma,2021-07-05/2021-07-11,Europe,578
Gamma,2021-07-05/2021-07-11,North America,1110
Gamma,2021-07-05/2021-07-11,South America,2980
Gamma,2021-07-12/2021-07-18,Asia,4
Gamma,2021-07-12/2021-07-18,Europe,465
Gamma,2021-07-12/2021-07-18,North America,936
Gamma,2021-07-12/2021-07-18,South America,3245
Gamma,2021-07-19/2021-07-25,Asia,3
Gamma,2021-07-19/2021-07-25,Europe,200
Gamma,2021-07-19/2021-07-25,North America,847
Gamma,2021-07-19/2021-07-25,South America,2866
Gamma,2021-07-26/2021-08-01,Asia,1
Gamma,2021-07-26/2021-08-01,Europe,170
Gamma,2021-07-26/2021-08-01,North America,691
Gamma,2021-07-26/2021-08-01,South America,2426
Gamma,2021-08-02/2021-08-08,Asia,2
Gamma,2021-08-02/2021-08-08,Europe,88
Gamma,2021-08-02/2021-08-08,North America,547
Gamma,2021-08-02/2021-08-08,South America,2826
Gamma,2021-08-09/2021-08-15,Asia,1
Gamma,2021-08-09/2021-08-15,Europe,29
Gamma,2021-08-09/2021-08-15,North America,253
Gamma,2021-08-09/2021-08-15,South America,1760
Gamma,2021-08-16/2021-08-22,Asia,2
Gamma,2021-08-16/2021-08-22,Europe,18
Gamma,2021-08-16/2021-08-22,North America,175
Gamma,2021-08-16/2021-08-22,South America,1412
Gamma,2021-08-23/2021-08-29,Asia,6
Gamma,2021-08-23/2021-08-29,Europe,9
Gamma,2021-08-23/2021-08-29,North America,113
Gamma,2021-08-23/2021-08-29,South America,1270
Gamma,2021-08-30/2021-09-05,Asia,3
Gamma,2021-08-30/2021-09-05,Europe,16
Gamma,2021-08-30/2021-09-05,North America,75
Gamma,2021-08-30/2021-09-05,South America,950
Gamma,2021-09-06/2021-09-12,Europe,8
Gamma,2021-09-06/2021-09-12,North America,36
Gamma,2021-09-06/2021-09-12,South America,680
Gamma,2021-09-13/2021-09-19,Asia,1
Gamma,2021-09-13/2021-09-19,Europe,11
Gamma,2021-09-13/2021-09-19,North America,43
Gamma,2021-09-13/2021-09-19,South America,526
Gamma,2021-09-20/2021-09-26,Europe,2
Gamma,2021-09-20/2021-09-26,North America,13
Gamma,2021-09-20/2021-09-26,South America,353
Gamma,2021-09-27/2021-10-03,Europe,3
Gamma,2021-09-27/2021-10-03,North America,19
Gamma,2021-09-27/2021-10-03,South America,255
Gamma,2021-10-04/2021-10-10,Asia,1
Gamma,2021-10-04/2021-10-10,Europe,2
Gamma,2021-10-04/2021-10-10,North America,9
Gamma,2021-10-04/2021-10-10,South America,203
Gamma,2021-10-11/2021-10-17,Europe,3
Gamma,2021-10-11/2021-10-17,North America,8
Gamma,2021-10-11/2021-10-17,South America,126
Gamma,2021-10-18/2021-10-24,North America,16
Gamma,2021-10-18/2021-10-24,South America,106
Gamma,2021-10-25/2021-10-31,Europe,4
Gamma,2021-10-25/2021-10-31,North America,4
Gamma,2021-10-25/2021-10-31,South America,86
Gamma,2021-11-01/2021-11-07,North America,1
Gamma,2021-11-01/2021-11-07,South America,67
Gamma,2021-11-08/2021-11-14,North America,2
Gamma,2021-11-08/2021-11-14,South America,33
Gamma,2021-11-15/2021-11-21,Europe,1
Gamma,2021-11-15/2021-11-21,North America,2
Gamma,2021-11-15/2021-11-21,South America,29
Gamma,2021-11-22/2021-11-28,Europe,3
Gamma,2021-11-22/2021-11-28,North America,1
Gamma,2021-11-22/2021-11-28,South America,18
Gamma,2021-11-29/2021-12-05,Europe,2
Gamma,2021-11-29/2021-12-05,North America,2
Gamma,2021-11-29/2021-12-05,South America,21
Gamma,2021-12-06/2021-12-12,North America,1
Gamma,2021-12-06/2021-12-12,South America,10
Gamma,2021-12-13/2021-12-19,North America,1
Gamma,2021-12-13/2021-12-19,South America,18
Gamma,2021-12-20/2021-12-26,South America,10
Gamma,2021-12-27/2022-01-02,Europe,1
Gamma,2021-12-27/2022-01-02,South America,28
Gamma,2022-01-03/2022-01-09,North America,1
Gamma,2022-01-10/2022-01-16,South America,1
Omicron,2021-11-01/2021-11-07,Africa,24
Omicron,2021-11-01/2021-11-07,Asia,23
Omicron,2021-11-01/2021-11-07,Europe,16
Omicron,2021-11-01/2021-11-07,North America,6
Omicron,2021-11-01/2021-11-07,South America,4
Omicron,2021-11-08/2021-11-14,Africa,36
Omicron,2021-11-08/2021-11-14,Asia,7
Omicron,2021-11-08/2021-11-14,Europe,7
Omicron,2021-11-08/2021-11-14,North America,11
Omicron,2021-11-08/2021-11-14,South America,5
Omicron,2021-11-15/2021-11-21,Africa,285
Omicron,2021-11-15/2021-11-21,Asia,17
Omicron,2021-11-15/2021-11-21,Europe,17
Omicron,2021-11-15/2021-11-21,North America,10
Omicron,2021-11-15/2021-11-21,South America,7
Omicron,2021-11-22/2021-11-28,Africa,907
Omicron,2021-11-22/2021-11-28,Asia,53
Omicron,2021-11-22/2021-11-28,Europe,416
Omicron,2021-11-22/2021-11-28,North America,102
Omicron,2021-11-22/2021-11-28,Oceania,9
Omicron,2021-11-22/2021-11-28,South America,16
Omicron,2021-11-29/2021-12-05,Africa,2017
Omicron,2021-11-29/2021-12-05,Asia,1342
Omicron,2021-11-29/2021-12-05,Europe,4891
Omicron,2021-11-29/2021-12-05,North America,1989
Omicron,2021-11-29/2021-12-05,Oceania,44
Omicron,2021-11-29/2021-12-05,South America,29
Omicron,2021-12-06/2021-12-12,Africa,2305
Omicron,2021-12-06/2021-12-12,Asia,482
Omicron,2021-12-06/2021-12-12,Europe,15478
Omicron,2021-12-06/2021-12-12,North America,6318
Omicron,2021-12-06/2021-12-12,Oceania,381
Omicron,2021-12-06/2021-12-12,South America,194
Omicron,2021-12-13/2021-12-19,Africa,3419
Omicron,2021-12-13/2021-12-19,Asia,1988
Omicron,2021-12-13/2021-12-19,Europe,58328
Omicron,2021-12-13/2021-12-19,North America,35992
Omicron,2021-12-13/2021-12-19,Oceania,1132
Omicron,2021-12-13/2021-12-19,South America,875
Omicron,2021-12-20/2021-12-26,Africa,3206
Omicron,2021-12-20/2021-12-26,Asia,6184
Omicron,2021-12-20/2021-12-26,Europe,63472
Omicron,2021-12-20/2021-12-26,North America,73504
Omicron,2021-12-20/2021-12-26,Oceania,2997
Omicron,2021-12-20/2021-12-26,South America,2309
Omicron,2021-12-27/2022-01-02,Africa,3152
Omicron,2021-12-27/2022-01-02,Asia,19781
Omicron,2021-12-27/2022-01-02,Europe,172644
Omicron,2021-12-27/2022-01-02,North America,111510
Omicron,2021-12-27/2022-01-02,Oceania,3717
Omicron,2021-12-27/2022-01-02,South America,4481
Omicron,2022-01-03/2022-01-09,Africa,2971
Omicron,2022-01-03/2022-01-09,Asia,21985
Omicron,2022-01-03/2022-01-09,Europe,128906
Omicron,2022-01-03/2022-01-09,North America,118936
Omicron,2022-01-03/2022-01-09,Oceania,3974
Omicron,2022-01-03/2022-01-09,South America,8781
Omicron,2022-01-10/2022-01-16,Africa,1917
Omicron,2022-01-10/2022-01-16,Asia,24826
Omicron,2022-01-10/2022-01-16,Europe,130911
Omicron,2022-01-10/2022-01-16,North America,107318
Omicron,2022-01-10/2022-01-16,Oceania,3033
Omicron,2022-01-10/2022-01-16,South America,7020
Omicron,2022-01-17/2022-01-23,Africa,1314
Omicron,2022-01-17/2022-01-23,Asia,28464
Omicron,2022-01-17/2022-01-23,Europe,142887
Omicron,2022-01-17/2022-01-23,North America,104135
Omicron,2022-01-17/2022-01-23,Oceania,2481
Omicron,2022-01-17/2022-01-23,South America,5672
Omicron,2022-01-24/2022-01-30,Africa,1112
Omicron,2022-01-24/2022-01-30,Asia,18816
Omicron,2022-01-24/2022-01-30,Europe,132104
Omicron,2022-01-24/2022-01-30,North America,91804
Omicron,2022-01-24/2022-01-30,Oceania,2609
Omicron,2022-01-24/2022-01-30,South America,5207
Omicron,2022-01-31/2022-02-06,Africa,925
Omicron,2022-01-31/2022-02-06,Asia,22053
Omicron,2022-01-31/2022-02-06,Europe,150209
Omicron,2022-01-31/2022-02-06,North America,82743
Omicron,2022-01-31/2022-02-06,Oceania,2457
Omicron,2022-01-31/2022-02-06,South America,6149
Omicron,2022-02-07/2022-02-13,Africa,857
Omicron,2022-02-07/2022-02-13,Asia,16328
Omicron,2022-02-07/2022-02-13,Europe,141538
Omicron,2022-02-07/2022-02-13,North America,73500
Omicron,2022-02-07/2022-02-13,Oceania,3277
Omicron,2022-02-07/2022-02-13,South America,4743
Omicron,2022-02-14/2022-02-20,Africa,847
Omicron,2022-02-14/2022-02-20,Asia,14702
Omicron,2022-02-14/2022-02-20,Europe,142879
Omicron,2022-02-14/2022-02-20,North America,52236
Omicron,2022-02-14/2022-02-20,Oceania,2429
Omicron,2022-02-14/2022-02-20,South America,3432
Omicron,2022-02-21/2022-02-27,Africa,636
Omicron,2022-02-21/2022-02-27,Asia,12948
Omicron,2022-02-21/2022-02-27,Europe,121653
Omicron,2022-02-21/2022-02-27,North America,38136
Omicron,2022-02-21/2022-02-27,Oceania,2336
Omicron,2022-02-21/2022-02-27,South America,2642
Omicron,2022-02-28/2022-03-06,Africa,847
Omicron,2022-02-28/2022-03-06,Asia,12915
Omicron,2022-02-28/2022-03-06,Europe,125142
Omicron,2022-02-28/2022-03-06,North America,26407
Omicron,2022-02-28/2022-03-06,Oceania,2720
Omicron,2022-02-28/2022-03-06,South America,2604
Omicron,2022-03-07/2022-03-13,Africa,780
Omicron,2022-03-07/2022-03-13,Asia,9988
Omicron,2022-03-07/2022-03-13,Europe,139337
Omicron,2022-03-07/2022-03-13,North America,21413
Omicron,2022-03-07/2022-03-13,Oceania,2940
Omicron,2022-03-07/2022-03-13,South America,2484
Omicron,2022-03-14/2022-03-20,Africa,686
Omicron,2022-03-14/2022-03-20,Asia,12343
Omicron,2022-03-14/2022-03-20,Europe,136475
Omicron,2022-03-14/2022-03-20,North America,22175
Omicron,2022-03-14/2022-03-20,Oceania,3565
Omicron,2022-03-14/2022-03-20,South America,1539
Omicron,2022-03-21/2022-03-27,Africa,641
Omicron,2022-03-21/2022-03-27,Asia,11795
Omicron,2022-03-21/2022-03-27,Europe,124669
Omicron,2022-03-21/2022-03-27,North America,25682
Omicron,2022-03-21/2022-03-27,Oceania,4051
Omicron,2022-03-21/2022-03-27,South America,978
Omicron,2022-03-28/2022-04-03,Africa,617
Omicron,2022-03-28/2022-04-03,Asia,10847
Omicron,2022-03-28/2022-04-03,Europe,82184
Omicron,2022-03-28/2022-04-03,North America,28904
Omicron,2022-03-28/2022-04-03,Oceania,3866
Omicron,2022-03-28/2022-04-03,South America,1100
Omicron,2022-04-04/2022-04-10,Africa,640
Omicron,2022-04-04/2022-04-10,Asia,9760
Omicron,2022-04-04/2022-04-10,Europe,68458
Omicron,2022-04-04/2022-04-10,North America,34382
Omicron,2022-04-04/2022-04-10,Oceania,2977
Omicron,2022-04-04/2022-04-10,South America,1209
Omicron,2022-04-11/2022-04-17,Africa,641
Omicron,2022-04-11/2022-04-17,Asia,8016
Omicron,2022-04-11/2022-04-17,Europe,62708
Omicron,2022-04-11/2022-04-17,North America,32314
Omicron,2022-04-11/2022-04-17,Oceania,2898
Omicron,2022-04-11/2022-04-17,South America,1044
Omicron,2022-04-18/2022-04-24,Africa,939
Omicron,2022-04-18/2022-04-24,Asia,9782
Omicron,2022-04-18/2022-04-24,Europe,54861
Omicron,2022-04-18/2022-04-24,North America,36203
Omicron,2022-04-18/2022-04-24,Oceania,3294
Omicron,2022-04-18/2022-04-24,South America,733
Omicron,2022-04-25/2022-05-01,Africa,1034
Omicron,2022-04-25/2022-05-01,Asia,9868
Omicron,2022-04-25/2022-05-01,Europe,45790
Omicron,2022-04-25/2022-05-01,North America,35306
Omicron,2022-04-25/2022-05-01,Oceania,3068
Omicron,2022-04-25/2022-05-01,South America,739
Omicron,2022-05-02/2022-05-08,Africa,763
Omicron,2022-05-02/2022-05-08,Asia,7511
Omicron,2022-05-02/2022-05-08,Europe,36055
Omicron,2022-05-02/2022-05-08,North America,37653
Omicron,2022-05-02/2022-05-08,Oceania,3148
Omicron,2022-05-02/2022-05-08,South America,955
Omicron,2022-05-09/2022-05-15,Africa,332
Omicron,2022-05-09/2022-05-15,Asia,8493
Omicron,2022-05-09/2022-05-15,Europe,30208
Omicron,2022-05-09/2022-05-15,North America,39670
Omicron,2022-05-09/2022-05-15,Oceania,2715
Omicron,2022-05-09/2022-05-15,South America,1728
Omicron,2022-05-16/2022-05-22,Africa,211
Omicron,2022-05-16/2022-05-22,Asia,6300
Omicron,2022-05-16/2022-05-22,Europe,23077
Omicron,2022-05-16/2022-05-22,North America,35454
Omicron,2022-05-16/2022-05-22,Oceania,1664
Omicron,2022-05-16/2022-05-22,South America,1597
Omicron,2022-05-23/2022-05-29,Africa,248
Omicron,2022-05-23/2022-05-29,Asia,2835
Omicron,2022-05-23/2022-05-29,Europe,17501
Omicron,2022-05-23/2022-05-29,North America,26606
Omicron,2022-05-23/2022-05-29,Oceania,1329
Omicron,2022-05-23/2022-05-29,South America,945
Omicron,2022-05-30/2022-06-05,Africa,69
Omicron,2022-05-30/2022-06-05,Asia,273
Omicron,2022-05-30/2022-06-05,Europe,5815
Omicron,2022-05-30/2022-06-05,North America,4399
Omicron,2022-05-30/2022-06-05,Oceania,365
Omicron,2022-05-30/2022-06-05,South America,67
