Clade,Date,Location,Freq
GH,2019-12-30/2020-01-05,Africa,24
GH,2019-12-30/2020-01-05,Asia,98
GH,2019-12-30/2020-01-05,Europe,580
GH,2019-12-30/2020-01-05,North America,460
GH,2019-12-30/2020-01-05,Oceania,56
GH,2019-12-30/2020-01-05,South America,2
GH,2020-01-06/2020-01-12,Asia,5
GH,2020-01-06/2020-01-12,Europe,2
GH,2020-01-06/2020-01-12,South America,1
GH,2020-01-13/2020-01-19,North America,1
GH,2020-01-20/2020-01-26,North America,4
GH,2020-01-27/2020-02-02,Africa,1
GH,2020-01-27/2020-02-02,Asia,5
GH,2020-01-27/2020-02-02,North America,5
GH,2020-02-03/2020-02-09,Asia,3
GH,2020-02-03/2020-02-09,Europe,2
GH,2020-02-03/2020-02-09,North America,1
GH,2020-02-10/2020-02-16,Asia,5
GH,2020-02-10/2020-02-16,Europe,2
GH,2020-02-17/2020-02-23,Africa,1
GH,2020-02-17/2020-02-23,Asia,6
GH,2020-02-17/2020-02-23,Europe,4
GH,2020-02-17/2020-02-23,North America,2
GH,2020-02-24/2020-03-01,Africa,9
GH,2020-02-24/2020-03-01,Asia,19
GH,2020-02-24/2020-03-01,Europe,423
GH,2020-02-24/2020-03-01,North America,506
GH,2020-03-02/2020-03-08,Africa,8
GH,2020-03-02/2020-03-08,Asia,12
GH,2020-03-02/2020-03-08,Europe,165
GH,2020-03-02/2020-03-08,North America,216
GH,2020-03-02/2020-03-08,Oceania,1
GH,2020-03-02/2020-03-08,South America,3
GH,2020-03-09/2020-03-15,Africa,9
GH,2020-03-09/2020-03-15,Asia,86
GH,2020-03-09/2020-03-15,Europe,1062
GH,2020-03-09/2020-03-15,North America,1621
GH,2020-03-09/2020-03-15,Oceania,20
GH,2020-03-09/2020-03-15,South America,19
GH,2020-03-16/2020-03-22,Africa,34
GH,2020-03-16/2020-03-22,Asia,161
GH,2020-03-16/2020-03-22,Europe,1326
GH,2020-03-16/2020-03-22,North America,3254
GH,2020-03-16/2020-03-22,Oceania,214
GH,2020-03-16/2020-03-22,South America,72
GH,2020-03-23/2020-03-29,Africa,28
GH,2020-03-23/2020-03-29,Asia,205
GH,2020-03-23/2020-03-29,Europe,1763
GH,2020-03-23/2020-03-29,North America,3588
GH,2020-03-23/2020-03-29,Oceania,332
GH,2020-03-23/2020-03-29,South America,90
GH,2020-03-30/2020-04-05,Africa,46
GH,2020-03-30/2020-04-05,Asia,207
GH,2020-03-30/2020-04-05,Europe,2207
GH,2020-03-30/2020-04-05,North America,4773
GH,2020-03-30/2020-04-05,Oceania,220
GH,2020-03-30/2020-04-05,South America,98
GH,2020-04-06/2020-04-12,Africa,18
GH,2020-04-06/2020-04-12,Asia,118
GH,2020-04-06/2020-04-12,Europe,1167
GH,2020-04-06/2020-04-12,North America,2896
GH,2020-04-06/2020-04-12,Oceania,85
GH,2020-04-06/2020-04-12,South America,38
GH,2020-04-13/2020-04-19,Africa,15
GH,2020-04-13/2020-04-19,Asia,117
GH,2020-04-13/2020-04-19,Europe,804
GH,2020-04-13/2020-04-19,North America,3005
GH,2020-04-13/2020-04-19,Oceania,32
GH,2020-04-13/2020-04-19,South America,35
GH,2020-04-20/2020-04-26,Africa,31
GH,2020-04-20/2020-04-26,Asia,170
GH,2020-04-20/2020-04-26,Europe,651
GH,2020-04-20/2020-04-26,North America,2625
GH,2020-04-20/2020-04-26,Oceania,11
GH,2020-04-20/2020-04-26,South America,52
GH,2020-04-27/2020-05-03,Africa,44
GH,2020-04-27/2020-05-03,Asia,128
GH,2020-04-27/2020-05-03,Europe,506
GH,2020-04-27/2020-05-03,North America,3055
GH,2020-04-27/2020-05-03,Oceania,35
GH,2020-04-27/2020-05-03,South America,95
GH,2020-05-04/2020-05-10,Africa,23
GH,2020-05-04/2020-05-10,Asia,141
GH,2020-05-04/2020-05-10,Europe,403
GH,2020-05-04/2020-05-10,North America,2226
GH,2020-05-04/2020-05-10,Oceania,55
GH,2020-05-04/2020-05-10,South America,84
GH,2020-05-11/2020-05-17,Africa,20
GH,2020-05-11/2020-05-17,Asia,79
GH,2020-05-11/2020-05-17,Europe,284
GH,2020-05-11/2020-05-17,North America,2025
GH,2020-05-11/2020-05-17,Oceania,47
GH,2020-05-11/2020-05-17,South America,66
GH,2020-05-18/2020-05-24,Africa,25
GH,2020-05-18/2020-05-24,Asia,189
GH,2020-05-18/2020-05-24,Europe,340
GH,2020-05-18/2020-05-24,North America,1631
GH,2020-05-18/2020-05-24,Oceania,27
GH,2020-05-18/2020-05-24,South America,62
GH,2020-05-25/2020-05-31,Africa,21
GH,2020-05-25/2020-05-31,Asia,233
GH,2020-05-25/2020-05-31,Europe,222
GH,2020-05-25/2020-05-31,North America,1355
GH,2020-05-25/2020-05-31,Oceania,46
GH,2020-05-25/2020-05-31,South America,28
GH,2020-06-01/2020-06-07,Africa,58
GH,2020-06-01/2020-06-07,Asia,351
GH,2020-06-01/2020-06-07,Europe,180
GH,2020-06-01/2020-06-07,North America,1482
GH,2020-06-01/2020-06-07,Oceania,9
GH,2020-06-01/2020-06-07,South America,26
GH,2020-06-08/2020-06-14,Africa,37
GH,2020-06-08/2020-06-14,Asia,312
GH,2020-06-08/2020-06-14,Europe,186
GH,2020-06-08/2020-06-14,North America,1407
GH,2020-06-08/2020-06-14,Oceania,20
GH,2020-06-08/2020-06-14,South America,25
GH,2020-06-15/2020-06-21,Africa,67
GH,2020-06-15/2020-06-21,Asia,292
GH,2020-06-15/2020-06-21,Europe,1499
GH,2020-06-15/2020-06-21,North America,2232
GH,2020-06-15/2020-06-21,Oceania,25
GH,2020-06-15/2020-06-21,South America,42
GH,2020-06-22/2020-06-28,Africa,52
GH,2020-06-22/2020-06-28,Asia,193
GH,2020-06-22/2020-06-28,Europe,321
GH,2020-06-22/2020-06-28,North America,2498
GH,2020-06-22/2020-06-28,Oceania,10
GH,2020-06-22/2020-06-28,South America,29
GH,2020-06-29/2020-07-05,Africa,62
GH,2020-06-29/2020-07-05,Asia,338
GH,2020-06-29/2020-07-05,Europe,102
GH,2020-06-29/2020-07-05,North America,2836
GH,2020-06-29/2020-07-05,Oceania,20
GH,2020-06-29/2020-07-05,South America,23
GH,2020-07-06/2020-07-12,Africa,36
GH,2020-07-06/2020-07-12,Asia,127
GH,2020-07-06/2020-07-12,Europe,106
GH,2020-07-06/2020-07-12,North America,3435
GH,2020-07-06/2020-07-12,Oceania,16
GH,2020-07-06/2020-07-12,South America,44
GH,2020-07-13/2020-07-19,Africa,55
GH,2020-07-13/2020-07-19,Asia,112
GH,2020-07-13/2020-07-19,Europe,103
GH,2020-07-13/2020-07-19,North America,3212
GH,2020-07-13/2020-07-19,Oceania,17
GH,2020-07-13/2020-07-19,South America,54
GH,2020-07-20/2020-07-26,Africa,34
GH,2020-07-20/2020-07-26,Asia,119
GH,2020-07-20/2020-07-26,Europe,104
GH,2020-07-20/2020-07-26,North America,2688
GH,2020-07-20/2020-07-26,Oceania,4
GH,2020-07-20/2020-07-26,South America,33
GH,2020-07-27/2020-08-02,Africa,33
GH,2020-07-27/2020-08-02,Asia,282
GH,2020-07-27/2020-08-02,Europe,879
GH,2020-07-27/2020-08-02,North America,2382
GH,2020-07-27/2020-08-02,Oceania,2
GH,2020-07-27/2020-08-02,South America,39
GH,2020-08-03/2020-08-09,Africa,28
GH,2020-08-03/2020-08-09,Asia,147
GH,2020-08-03/2020-08-09,Europe,228
GH,2020-08-03/2020-08-09,North America,2021
GH,2020-08-03/2020-08-09,Oceania,5
GH,2020-08-03/2020-08-09,South America,37
GH,2020-08-10/2020-08-16,Africa,50
GH,2020-08-10/2020-08-16,Asia,176
GH,2020-08-10/2020-08-16,Europe,398
GH,2020-08-10/2020-08-16,North America,1594
GH,2020-08-10/2020-08-16,Oceania,5
GH,2020-08-10/2020-08-16,South America,58
GH,2020-08-17/2020-08-23,Africa,50
GH,2020-08-17/2020-08-23,Asia,173
GH,2020-08-17/2020-08-23,Europe,536
GH,2020-08-17/2020-08-23,North America,1495
GH,2020-08-17/2020-08-23,Oceania,2
GH,2020-08-17/2020-08-23,South America,47
GH,2020-08-24/2020-08-30,Africa,48
GH,2020-08-24/2020-08-30,Asia,179
GH,2020-08-24/2020-08-30,Europe,675
GH,2020-08-24/2020-08-30,North America,1754
GH,2020-08-24/2020-08-30,Oceania,13
GH,2020-08-24/2020-08-30,South America,55
GH,2020-08-31/2020-09-06,Africa,50
GH,2020-08-31/2020-09-06,Asia,216
GH,2020-08-31/2020-09-06,Europe,1366
GH,2020-08-31/2020-09-06,North America,1607
GH,2020-08-31/2020-09-06,Oceania,2
GH,2020-08-31/2020-09-06,South America,36
GH,2020-09-07/2020-09-13,Africa,53
GH,2020-09-07/2020-09-13,Asia,127
GH,2020-09-07/2020-09-13,Europe,1014
GH,2020-09-07/2020-09-13,North America,1734
GH,2020-09-07/2020-09-13,Oceania,6
GH,2020-09-07/2020-09-13,South America,18
GH,2020-09-14/2020-09-20,Africa,63
GH,2020-09-14/2020-09-20,Asia,138
GH,2020-09-14/2020-09-20,Europe,940
GH,2020-09-14/2020-09-20,North America,1706
GH,2020-09-14/2020-09-20,Oceania,15
GH,2020-09-14/2020-09-20,South America,23
GH,2020-09-21/2020-09-27,Africa,42
GH,2020-09-21/2020-09-27,Asia,99
GH,2020-09-21/2020-09-27,Europe,1073
GH,2020-09-21/2020-09-27,North America,1886
GH,2020-09-21/2020-09-27,Oceania,9
GH,2020-09-21/2020-09-27,South America,13
GH,2020-09-28/2020-10-04,Africa,68
GH,2020-09-28/2020-10-04,Asia,294
GH,2020-09-28/2020-10-04,Europe,1695
GH,2020-09-28/2020-10-04,North America,2075
GH,2020-09-28/2020-10-04,Oceania,9
GH,2020-09-28/2020-10-04,South America,13
GH,2020-10-05/2020-10-11,Africa,62
GH,2020-10-05/2020-10-11,Asia,184
GH,2020-10-05/2020-10-11,Europe,1216
GH,2020-10-05/2020-10-11,North America,2223
GH,2020-10-05/2020-10-11,Oceania,12
GH,2020-10-05/2020-10-11,South America,24
GH,2020-10-12/2020-10-18,Africa,96
GH,2020-10-12/2020-10-18,Asia,149
GH,2020-10-12/2020-10-18,Europe,1368
GH,2020-10-12/2020-10-18,North America,2502
GH,2020-10-12/2020-10-18,Oceania,13
GH,2020-10-12/2020-10-18,South America,23
GH,2020-10-19/2020-10-25,Africa,163
GH,2020-10-19/2020-10-25,Asia,141
GH,2020-10-19/2020-10-25,Europe,1811
GH,2020-10-19/2020-10-25,North America,3084
GH,2020-10-19/2020-10-25,Oceania,27
GH,2020-10-19/2020-10-25,South America,30
GH,2020-10-26/2020-11-01,Africa,240
GH,2020-10-26/2020-11-01,Asia,335
GH,2020-10-26/2020-11-01,Europe,2536
GH,2020-10-26/2020-11-01,North America,5001
GH,2020-10-26/2020-11-01,Oceania,15
GH,2020-10-26/2020-11-01,South America,26
GH,2020-11-02/2020-11-08,Africa,288
GH,2020-11-02/2020-11-08,Asia,223
GH,2020-11-02/2020-11-08,Europe,2126
GH,2020-11-02/2020-11-08,North America,6855
GH,2020-11-02/2020-11-08,Oceania,18
GH,2020-11-02/2020-11-08,South America,18
GH,2020-11-09/2020-11-15,Africa,196
GH,2020-11-09/2020-11-15,Asia,255
GH,2020-11-09/2020-11-15,Europe,2065
GH,2020-11-09/2020-11-15,North America,6164
GH,2020-11-09/2020-11-15,Oceania,15
GH,2020-11-09/2020-11-15,South America,11
GH,2020-11-16/2020-11-22,Africa,266
GH,2020-11-16/2020-11-22,Asia,334
GH,2020-11-16/2020-11-22,Europe,1301
GH,2020-11-16/2020-11-22,North America,5390
GH,2020-11-16/2020-11-22,Oceania,34
GH,2020-11-16/2020-11-22,South America,38
GH,2020-11-23/2020-11-29,Africa,283
GH,2020-11-23/2020-11-29,Asia,609
GH,2020-11-23/2020-11-29,Europe,1303
GH,2020-11-23/2020-11-29,North America,4795
GH,2020-11-23/2020-11-29,Oceania,20
GH,2020-11-23/2020-11-29,South America,30
GH,2020-11-30/2020-12-06,Africa,317
GH,2020-11-30/2020-12-06,Asia,758
GH,2020-11-30/2020-12-06,Europe,1764
GH,2020-11-30/2020-12-06,North America,7725
GH,2020-11-30/2020-12-06,Oceania,26
GH,2020-11-30/2020-12-06,South America,28
GH,2020-12-07/2020-12-13,Africa,344
GH,2020-12-07/2020-12-13,Asia,488
GH,2020-12-07/2020-12-13,Europe,1825
GH,2020-12-07/2020-12-13,North America,8745
GH,2020-12-07/2020-12-13,Oceania,25
GH,2020-12-07/2020-12-13,South America,24
GH,2020-12-14/2020-12-20,Africa,409
GH,2020-12-14/2020-12-20,Asia,804
GH,2020-12-14/2020-12-20,Europe,2100
GH,2020-12-14/2020-12-20,North America,8496
GH,2020-12-14/2020-12-20,Oceania,102
GH,2020-12-14/2020-12-20,South America,42
GH,2020-12-21/2020-12-27,Africa,508
GH,2020-12-21/2020-12-27,Asia,763
GH,2020-12-21/2020-12-27,Europe,1584
GH,2020-12-21/2020-12-27,North America,6960
GH,2020-12-21/2020-12-27,Oceania,52
GH,2020-12-21/2020-12-27,South America,22
GH,2020-12-28/2021-01-03,Africa,711
GH,2020-12-28/2021-01-03,Asia,2091
GH,2020-12-28/2021-01-03,Europe,4353
GH,2020-12-28/2021-01-03,North America,11874
GH,2020-12-28/2021-01-03,Oceania,324
GH,2020-12-28/2021-01-03,South America,83
GH,2021-01-04/2021-01-10,Africa,887
GH,2021-01-04/2021-01-10,Asia,827
GH,2021-01-04/2021-01-10,Europe,1868
GH,2021-01-04/2021-01-10,North America,15500
GH,2021-01-04/2021-01-10,Oceania,41
GH,2021-01-04/2021-01-10,South America,55
GH,2021-01-11/2021-01-17,Africa,750
GH,2021-01-11/2021-01-17,Asia,637
GH,2021-01-11/2021-01-17,Europe,2449
GH,2021-01-11/2021-01-17,North America,16825
GH,2021-01-11/2021-01-17,Oceania,34
GH,2021-01-11/2021-01-17,South America,57
GH,2021-01-18/2021-01-24,Africa,632
GH,2021-01-18/2021-01-24,Asia,764
GH,2021-01-18/2021-01-24,Europe,2402
GH,2021-01-18/2021-01-24,North America,14679
GH,2021-01-18/2021-01-24,Oceania,22
GH,2021-01-18/2021-01-24,South America,77
GH,2021-01-25/2021-01-31,Africa,621
GH,2021-01-25/2021-01-31,Asia,622
GH,2021-01-25/2021-01-31,Europe,2713
GH,2021-01-25/2021-01-31,North America,14098
GH,2021-01-25/2021-01-31,Oceania,20
GH,2021-01-25/2021-01-31,South America,99
GH,2021-02-01/2021-02-07,Africa,469
GH,2021-02-01/2021-02-07,Asia,828
GH,2021-02-01/2021-02-07,Europe,3906
GH,2021-02-01/2021-02-07,North America,16763
GH,2021-02-01/2021-02-07,Oceania,22
GH,2021-02-01/2021-02-07,South America,39
GH,2021-02-08/2021-02-14,Africa,398
GH,2021-02-08/2021-02-14,Asia,537
GH,2021-02-08/2021-02-14,Europe,2366
GH,2021-02-08/2021-02-14,North America,16734
GH,2021-02-08/2021-02-14,Oceania,43
GH,2021-02-08/2021-02-14,South America,59
GH,2021-02-15/2021-02-21,Africa,476
GH,2021-02-15/2021-02-21,Asia,771
GH,2021-02-15/2021-02-21,Europe,2222
GH,2021-02-15/2021-02-21,North America,13233
GH,2021-02-15/2021-02-21,Oceania,42
GH,2021-02-15/2021-02-21,South America,43
GH,2021-02-22/2021-02-28,Africa,262
GH,2021-02-22/2021-02-28,Asia,643
GH,2021-02-22/2021-02-28,Europe,2162
GH,2021-02-22/2021-02-28,North America,13371
GH,2021-02-22/2021-02-28,Oceania,63
GH,2021-02-22/2021-02-28,South America,42
GH,2021-03-01/2021-03-07,Africa,561
GH,2021-03-01/2021-03-07,Asia,806
GH,2021-03-01/2021-03-07,Europe,2589
GH,2021-03-01/2021-03-07,North America,15706
GH,2021-03-01/2021-03-07,Oceania,142
GH,2021-03-01/2021-03-07,South America,73
GH,2021-03-08/2021-03-14,Africa,407
GH,2021-03-08/2021-03-14,Asia,844
GH,2021-03-08/2021-03-14,Europe,2014
GH,2021-03-08/2021-03-14,North America,14411
GH,2021-03-08/2021-03-14,Oceania,252
GH,2021-03-08/2021-03-14,South America,66
GH,2021-03-15/2021-03-21,Africa,380
GH,2021-03-15/2021-03-21,Asia,768
GH,2021-03-15/2021-03-21,Europe,1967
GH,2021-03-15/2021-03-21,North America,14665
GH,2021-03-15/2021-03-21,Oceania,178
GH,2021-03-15/2021-03-21,South America,52
GH,2021-03-22/2021-03-28,Africa,361
GH,2021-03-22/2021-03-28,Asia,766
GH,2021-03-22/2021-03-28,Europe,1519
GH,2021-03-22/2021-03-28,North America,14169
GH,2021-03-22/2021-03-28,Oceania,267
GH,2021-03-22/2021-03-28,South America,56
GH,2021-03-29/2021-04-04,Africa,368
GH,2021-03-29/2021-04-04,Asia,905
GH,2021-03-29/2021-04-04,Europe,1871
GH,2021-03-29/2021-04-04,North America,13989
GH,2021-03-29/2021-04-04,Oceania,345
GH,2021-03-29/2021-04-04,South America,97
GH,2021-04-05/2021-04-11,Africa,268
GH,2021-04-05/2021-04-11,Asia,729
GH,2021-04-05/2021-04-11,Europe,1051
GH,2021-04-05/2021-04-11,North America,12717
GH,2021-04-05/2021-04-11,Oceania,80
GH,2021-04-05/2021-04-11,South America,314
GH,2021-04-12/2021-04-18,Africa,328
GH,2021-04-12/2021-04-18,Asia,553
GH,2021-04-12/2021-04-18,Europe,1049
GH,2021-04-12/2021-04-18,North America,10755
GH,2021-04-12/2021-04-18,Oceania,37
GH,2021-04-12/2021-04-18,South America,183
GH,2021-04-19/2021-04-25,Africa,308
GH,2021-04-19/2021-04-25,Asia,621
GH,2021-04-19/2021-04-25,Europe,824
GH,2021-04-19/2021-04-25,North America,8187
GH,2021-04-19/2021-04-25,Oceania,92
GH,2021-04-19/2021-04-25,South America,175
GH,2021-04-26/2021-05-02,Africa,308
GH,2021-04-26/2021-05-02,Asia,637
GH,2021-04-26/2021-05-02,Europe,905
GH,2021-04-26/2021-05-02,North America,7342
GH,2021-04-26/2021-05-02,Oceania,57
GH,2021-04-26/2021-05-02,South America,155
GH,2021-05-03/2021-05-09,Africa,359
GH,2021-05-03/2021-05-09,Asia,568
GH,2021-05-03/2021-05-09,Europe,745
GH,2021-05-03/2021-05-09,North America,5536
GH,2021-05-03/2021-05-09,Oceania,139
GH,2021-05-03/2021-05-09,South America,174
GH,2021-05-10/2021-05-16,Africa,329
GH,2021-05-10/2021-05-16,Asia,394
GH,2021-05-10/2021-05-16,Europe,651
GH,2021-05-10/2021-05-16,North America,4033
GH,2021-05-10/2021-05-16,Oceania,55
GH,2021-05-10/2021-05-16,South America,176
GH,2021-05-17/2021-05-23,Africa,389
GH,2021-05-17/2021-05-23,Asia,421
GH,2021-05-17/2021-05-23,Europe,418
GH,2021-05-17/2021-05-23,North America,3065
GH,2021-05-17/2021-05-23,Oceania,21
GH,2021-05-17/2021-05-23,South America,125
GH,2021-05-24/2021-05-30,Africa,429
GH,2021-05-24/2021-05-30,Asia,459
GH,2021-05-24/2021-05-30,Europe,432
GH,2021-05-24/2021-05-30,North America,1904
GH,2021-05-24/2021-05-30,Oceania,7
GH,2021-05-24/2021-05-30,South America,117
GH,2021-05-31/2021-06-06,Africa,522
GH,2021-05-31/2021-06-06,Asia,397
GH,2021-05-31/2021-06-06,Europe,533
GH,2021-05-31/2021-06-06,North America,1491
GH,2021-05-31/2021-06-06,Oceania,4
GH,2021-05-31/2021-06-06,South America,202
GH,2021-06-07/2021-06-13,Africa,387
GH,2021-06-07/2021-06-13,Asia,279
GH,2021-06-07/2021-06-13,Europe,362
GH,2021-06-07/2021-06-13,North America,1426
GH,2021-06-07/2021-06-13,Oceania,19
GH,2021-06-07/2021-06-13,South America,210
GH,2021-06-14/2021-06-20,Africa,305
GH,2021-06-14/2021-06-20,Asia,333
GH,2021-06-14/2021-06-20,Europe,310
GH,2021-06-14/2021-06-20,North America,1234
GH,2021-06-14/2021-06-20,Oceania,3
GH,2021-06-14/2021-06-20,South America,152
GH,2021-06-21/2021-06-27,Africa,318
GH,2021-06-21/2021-06-27,Asia,367
GH,2021-06-21/2021-06-27,Europe,390
GH,2021-06-21/2021-06-27,North America,1061
GH,2021-06-21/2021-06-27,Oceania,7
GH,2021-06-21/2021-06-27,South America,146
GH,2021-06-28/2021-07-04,Africa,315
GH,2021-06-28/2021-07-04,Asia,252
GH,2021-06-28/2021-07-04,Europe,658
GH,2021-06-28/2021-07-04,North America,1041
GH,2021-06-28/2021-07-04,Oceania,5
GH,2021-06-28/2021-07-04,South America,523
GH,2021-07-05/2021-07-11,Africa,276
GH,2021-07-05/2021-07-11,Asia,236
GH,2021-07-05/2021-07-11,Europe,471
GH,2021-07-05/2021-07-11,North America,1083
GH,2021-07-05/2021-07-11,Oceania,4
GH,2021-07-05/2021-07-11,South America,357
GH,2021-07-12/2021-07-18,Africa,349
GH,2021-07-12/2021-07-18,Asia,204
GH,2021-07-12/2021-07-18,Europe,295
GH,2021-07-12/2021-07-18,North America,1111
GH,2021-07-12/2021-07-18,Oceania,6
GH,2021-07-12/2021-07-18,South America,582
GH,2021-07-19/2021-07-25,Africa,155
GH,2021-07-19/2021-07-25,Asia,148
GH,2021-07-19/2021-07-25,Europe,282
GH,2021-07-19/2021-07-25,North America,1020
GH,2021-07-19/2021-07-25,Oceania,5
GH,2021-07-19/2021-07-25,South America,548
GH,2021-07-26/2021-08-01,Africa,115
GH,2021-07-26/2021-08-01,Asia,111
GH,2021-07-26/2021-08-01,Europe,211
GH,2021-07-26/2021-08-01,North America,873
GH,2021-07-26/2021-08-01,Oceania,6
GH,2021-07-26/2021-08-01,South America,492
GH,2021-08-02/2021-08-08,Africa,157
GH,2021-08-02/2021-08-08,Asia,97
GH,2021-08-02/2021-08-08,Europe,167
GH,2021-08-02/2021-08-08,North America,523
GH,2021-08-02/2021-08-08,Oceania,3
GH,2021-08-02/2021-08-08,South America,720
GH,2021-08-09/2021-08-15,Africa,108
GH,2021-08-09/2021-08-15,Asia,43
GH,2021-08-09/2021-08-15,Europe,94
GH,2021-08-09/2021-08-15,North America,342
GH,2021-08-09/2021-08-15,Oceania,8
GH,2021-08-09/2021-08-15,South America,398
GH,2021-08-16/2021-08-22,Africa,61
GH,2021-08-16/2021-08-22,Asia,36
GH,2021-08-16/2021-08-22,Europe,120
GH,2021-08-16/2021-08-22,North America,357
GH,2021-08-16/2021-08-22,Oceania,6
GH,2021-08-16/2021-08-22,South America,444
GH,2021-08-23/2021-08-29,Africa,59
GH,2021-08-23/2021-08-29,Asia,10
GH,2021-08-23/2021-08-29,Europe,127
GH,2021-08-23/2021-08-29,North America,252
GH,2021-08-23/2021-08-29,South America,442
GH,2021-08-30/2021-09-05,Africa,28
GH,2021-08-30/2021-09-05,Asia,29
GH,2021-08-30/2021-09-05,Europe,159
GH,2021-08-30/2021-09-05,North America,263
GH,2021-08-30/2021-09-05,Oceania,3
GH,2021-08-30/2021-09-05,South America,469
GH,2021-09-06/2021-09-12,Africa,15
GH,2021-09-06/2021-09-12,Asia,29
GH,2021-09-06/2021-09-12,Europe,174
GH,2021-09-06/2021-09-12,North America,205
GH,2021-09-06/2021-09-12,Oceania,1
GH,2021-09-06/2021-09-12,South America,219
GH,2021-09-13/2021-09-19,Africa,13
GH,2021-09-13/2021-09-19,Asia,8
GH,2021-09-13/2021-09-19,Europe,174
GH,2021-09-13/2021-09-19,North America,264
GH,2021-09-13/2021-09-19,Oceania,1
GH,2021-09-13/2021-09-19,South America,244
GH,2021-09-20/2021-09-26,Africa,14
GH,2021-09-20/2021-09-26,Asia,10
GH,2021-09-20/2021-09-26,Europe,136
GH,2021-09-20/2021-09-26,North America,111
GH,2021-09-20/2021-09-26,Oceania,1
GH,2021-09-20/2021-09-26,South America,273
GH,2021-09-27/2021-10-03,Africa,8
GH,2021-09-27/2021-10-03,Asia,35
GH,2021-09-27/2021-10-03,Europe,221
GH,2021-09-27/2021-10-03,North America,99
GH,2021-09-27/2021-10-03,South America,201
GH,2021-10-04/2021-10-10,Africa,56
GH,2021-10-04/2021-10-10,Asia,21
GH,2021-10-04/2021-10-10,Europe,138
GH,2021-10-04/2021-10-10,North America,100
GH,2021-10-04/2021-10-10,Oceania,1
GH,2021-10-04/2021-10-10,South America,108
GH,2021-10-11/2021-10-17,Africa,10
GH,2021-10-11/2021-10-17,Asia,16
GH,2021-10-11/2021-10-17,Europe,141
GH,2021-10-11/2021-10-17,North America,96
GH,2021-10-11/2021-10-17,South America,71
GH,2021-10-18/2021-10-24,Africa,15
GH,2021-10-18/2021-10-24,Asia,7
GH,2021-10-18/2021-10-24,Europe,174
GH,2021-10-18/2021-10-24,North America,82
GH,2021-10-18/2021-10-24,South America,61
GH,2021-10-25/2021-10-31,Africa,14
GH,2021-10-25/2021-10-31,Asia,11
GH,2021-10-25/2021-10-31,Europe,179
GH,2021-10-25/2021-10-31,North America,80
GH,2021-10-25/2021-10-31,Oceania,2
GH,2021-10-25/2021-10-31,South America,52
GH,2021-11-01/2021-11-07,Africa,24
GH,2021-11-01/2021-11-07,Asia,55
GH,2021-11-01/2021-11-07,Europe,212
GH,2021-11-01/2021-11-07,North America,110
GH,2021-11-01/2021-11-07,Oceania,3
GH,2021-11-01/2021-11-07,South America,48
GH,2021-11-08/2021-11-14,Africa,16
GH,2021-11-08/2021-11-14,Asia,12
GH,2021-11-08/2021-11-14,Europe,212
GH,2021-11-08/2021-11-14,North America,123
GH,2021-11-08/2021-11-14,Oceania,3
GH,2021-11-08/2021-11-14,South America,45
GH,2021-11-15/2021-11-21,Africa,10
GH,2021-11-15/2021-11-21,Asia,4
GH,2021-11-15/2021-11-21,Europe,215
GH,2021-11-15/2021-11-21,North America,136
GH,2021-11-15/2021-11-21,Oceania,3
GH,2021-11-15/2021-11-21,South America,27
GH,2021-11-22/2021-11-28,Africa,24
GH,2021-11-22/2021-11-28,Asia,11
GH,2021-11-22/2021-11-28,Europe,274
GH,2021-11-22/2021-11-28,North America,123
GH,2021-11-22/2021-11-28,Oceania,1
GH,2021-11-22/2021-11-28,South America,17
GH,2021-11-29/2021-12-05,Africa,29
GH,2021-11-29/2021-12-05,Asia,45
GH,2021-11-29/2021-12-05,Europe,394
GH,2021-11-29/2021-12-05,North America,152
GH,2021-11-29/2021-12-05,Oceania,2
GH,2021-11-29/2021-12-05,South America,11
GH,2021-12-06/2021-12-12,Africa,7
GH,2021-12-06/2021-12-12,Asia,18
GH,2021-12-06/2021-12-12,Europe,389
GH,2021-12-06/2021-12-12,North America,184
GH,2021-12-06/2021-12-12,Oceania,2
GH,2021-12-06/2021-12-12,South America,7
GH,2021-12-13/2021-12-19,Africa,6
GH,2021-12-13/2021-12-19,Asia,13
GH,2021-12-13/2021-12-19,Europe,336
GH,2021-12-13/2021-12-19,North America,117
GH,2021-12-13/2021-12-19,Oceania,7
GH,2021-12-13/2021-12-19,South America,13
GH,2021-12-20/2021-12-26,Africa,3
GH,2021-12-20/2021-12-26,Asia,29
GH,2021-12-20/2021-12-26,Europe,142
GH,2021-12-20/2021-12-26,North America,71
GH,2021-12-20/2021-12-26,Oceania,7
GH,2021-12-27/2022-01-02,Africa,11
GH,2021-12-27/2022-01-02,Asia,13
GH,2021-12-27/2022-01-02,Europe,111
GH,2021-12-27/2022-01-02,North America,42
GH,2021-12-27/2022-01-02,Oceania,2
GH,2022-01-03/2022-01-09,Africa,15
GH,2022-01-03/2022-01-09,Asia,4
GH,2022-01-03/2022-01-09,Europe,52
GH,2022-01-03/2022-01-09,North America,14
GH,2022-01-10/2022-01-16,Asia,6
GH,2022-01-10/2022-01-16,Europe,20
GH,2022-01-10/2022-01-16,North America,8
GH,2022-01-10/2022-01-16,South America,1
GH,2022-01-17/2022-01-23,Asia,3
GH,2022-01-17/2022-01-23,Europe,13
GH,2022-01-17/2022-01-23,North America,3
GH,2022-01-24/2022-01-30,Africa,1
GH,2022-01-24/2022-01-30,Asia,1
GH,2022-01-24/2022-01-30,Europe,10
GH,2022-01-24/2022-01-30,North America,1
GH,2022-01-31/2022-02-06,Asia,2
GH,2022-01-31/2022-02-06,North America,1
GH,2022-02-07/2022-02-13,Asia,1
GH,2022-02-07/2022-02-13,Europe,4
GH,2022-02-07/2022-02-13,North America,3
GH,2022-02-14/2022-02-20,Africa,2
GH,2022-02-14/2022-02-20,Asia,1
GH,2022-02-21/2022-02-27,Asia,1
GH,2022-02-21/2022-02-27,North America,3
GH,2022-02-28/2022-03-06,Africa,2
GH,2022-02-28/2022-03-06,North America,2
GH,2022-03-07/2022-03-13,Asia,1
GH,2022-03-07/2022-03-13,North America,4
GH,2022-03-14/2022-03-20,Europe,2
GH,2022-03-14/2022-03-20,North America,1
GH,2022-03-14/2022-03-20,South America,1
GH,2022-03-21/2022-03-27,Europe,3
GH,2022-04-04/2022-04-10,Asia,1
GH,2022-04-04/2022-04-10,North America,1
GH,2022-04-11/2022-04-17,Asia,2
GH,2022-04-11/2022-04-17,North America,2
GK,2019-12-30/2020-01-05,Asia,1
GK,2019-12-30/2020-01-05,Europe,1
GK,2020-03-09/2020-03-15,North America,1
GK,2020-03-23/2020-03-29,Africa,1
GK,2020-03-30/2020-04-05,Africa,5
GK,2020-04-06/2020-04-12,Africa,2
GK,2020-05-04/2020-05-10,Africa,7
GK,2020-05-11/2020-05-17,Africa,5
GK,2020-05-11/2020-05-17,Europe,18
GK,2020-05-18/2020-05-24,Africa,1
GK,2020-06-01/2020-06-07,Africa,1
GK,2020-06-08/2020-06-14,Africa,1
GK,2020-06-08/2020-06-14,Europe,5
GK,2020-07-06/2020-07-12,Europe,3
GK,2020-07-06/2020-07-12,North America,3
GK,2020-07-13/2020-07-19,North America,47
GK,2020-07-20/2020-07-26,North America,1
GK,2020-07-27/2020-08-02,Asia,6
GK,2020-07-27/2020-08-02,Europe,1
GK,2020-07-27/2020-08-02,North America,5
GK,2020-07-27/2020-08-02,Oceania,1
GK,2020-08-03/2020-08-09,Europe,1
GK,2020-08-10/2020-08-16,Europe,31
GK,2020-08-17/2020-08-23,Europe,1
GK,2020-08-17/2020-08-23,North America,3
GK,2020-08-24/2020-08-30,Africa,1
GK,2020-08-24/2020-08-30,Asia,2
GK,2020-08-31/2020-09-06,Asia,8
GK,2020-08-31/2020-09-06,Europe,1
GK,2020-08-31/2020-09-06,North America,2
GK,2020-09-07/2020-09-13,Africa,1
GK,2020-09-07/2020-09-13,Asia,11
GK,2020-09-07/2020-09-13,Europe,25
GK,2020-09-07/2020-09-13,North America,1
GK,2020-09-14/2020-09-20,Africa,2
GK,2020-09-14/2020-09-20,Asia,4
GK,2020-09-21/2020-09-27,North America,1
GK,2020-09-28/2020-10-04,Asia,3
GK,2020-09-28/2020-10-04,Europe,3
GK,2020-09-28/2020-10-04,North America,1
GK,2020-10-05/2020-10-11,Europe,7
GK,2020-10-05/2020-10-11,North America,1
GK,2020-10-12/2020-10-18,Europe,42
GK,2020-10-19/2020-10-25,Asia,2
GK,2020-10-19/2020-10-25,Europe,9
GK,2020-10-26/2020-11-01,Asia,10
GK,2020-10-26/2020-11-01,Europe,45
GK,2020-10-26/2020-11-01,North America,3
GK,2020-11-02/2020-11-08,Asia,11
GK,2020-11-02/2020-11-08,Europe,8
GK,2020-11-02/2020-11-08,North America,2
GK,2020-11-09/2020-11-15,Africa,1
GK,2020-11-09/2020-11-15,Asia,11
GK,2020-11-09/2020-11-15,Europe,3
GK,2020-11-09/2020-11-15,South America,2
GK,2020-11-16/2020-11-22,Asia,4
GK,2020-11-16/2020-11-22,Europe,2
GK,2020-11-16/2020-11-22,North America,3
GK,2020-11-23/2020-11-29,Asia,5
GK,2020-11-23/2020-11-29,Europe,1
GK,2020-11-23/2020-11-29,North America,1
GK,2020-11-30/2020-12-06,Africa,4
GK,2020-11-30/2020-12-06,Asia,17
GK,2020-11-30/2020-12-06,Europe,3
GK,2020-11-30/2020-12-06,North America,2
GK,2020-12-07/2020-12-13,Africa,2
GK,2020-12-07/2020-12-13,Asia,5
GK,2020-12-07/2020-12-13,North America,8
GK,2020-12-14/2020-12-20,Africa,5
GK,2020-12-14/2020-12-20,Asia,1
GK,2020-12-14/2020-12-20,Europe,1
GK,2020-12-14/2020-12-20,North America,4
GK,2020-12-21/2020-12-27,Africa,5
GK,2020-12-21/2020-12-27,Europe,3
GK,2020-12-21/2020-12-27,North America,3
GK,2020-12-28/2021-01-03,Africa,341
GK,2020-12-28/2021-01-03,Asia,3967
GK,2020-12-28/2021-01-03,Europe,24569
GK,2020-12-28/2021-01-03,North America,2587
GK,2020-12-28/2021-01-03,Oceania,297
GK,2020-12-28/2021-01-03,South America,6
GK,2021-01-04/2021-01-10,Africa,6
GK,2021-01-04/2021-01-10,Asia,108
GK,2021-01-04/2021-01-10,Europe,40
GK,2021-01-04/2021-01-10,North America,14
GK,2021-01-04/2021-01-10,South America,1
GK,2021-01-11/2021-01-17,Africa,4
GK,2021-01-11/2021-01-17,Asia,32
GK,2021-01-11/2021-01-17,Europe,39
GK,2021-01-11/2021-01-17,North America,36
GK,2021-01-18/2021-01-24,Africa,2
GK,2021-01-18/2021-01-24,Asia,7
GK,2021-01-18/2021-01-24,Europe,16
GK,2021-01-18/2021-01-24,North America,8
GK,2021-01-18/2021-01-24,Oceania,1
GK,2021-01-25/2021-01-31,Africa,3
GK,2021-01-25/2021-01-31,Asia,15
GK,2021-01-25/2021-01-31,Europe,12
GK,2021-01-25/2021-01-31,North America,6
GK,2021-02-01/2021-02-07,Africa,4
GK,2021-02-01/2021-02-07,Asia,31
GK,2021-02-01/2021-02-07,Europe,8
GK,2021-02-01/2021-02-07,North America,10
GK,2021-02-08/2021-02-14,Africa,21
GK,2021-02-08/2021-02-14,Asia,133
GK,2021-02-08/2021-02-14,Europe,61
GK,2021-02-08/2021-02-14,North America,98
GK,2021-02-08/2021-02-14,South America,1
GK,2021-02-15/2021-02-21,Africa,18
GK,2021-02-15/2021-02-21,Asia,9
GK,2021-02-15/2021-02-21,Europe,5
GK,2021-02-15/2021-02-21,North America,76
GK,2021-02-15/2021-02-21,South America,1
GK,2021-02-22/2021-02-28,Africa,6
GK,2021-02-22/2021-02-28,Asia,11
GK,2021-02-22/2021-02-28,Europe,7
GK,2021-02-22/2021-02-28,North America,73
GK,2021-02-22/2021-02-28,South America,1
GK,2021-03-01/2021-03-07,Africa,65
GK,2021-03-01/2021-03-07,Asia,94
GK,2021-03-01/2021-03-07,Europe,11
GK,2021-03-01/2021-03-07,North America,76
GK,2021-03-01/2021-03-07,South America,1
GK,2021-03-08/2021-03-14,Africa,16
GK,2021-03-08/2021-03-14,Asia,107
GK,2021-03-08/2021-03-14,Europe,380
GK,2021-03-08/2021-03-14,North America,37
GK,2021-03-08/2021-03-14,South America,3
GK,2021-03-15/2021-03-21,Africa,9
GK,2021-03-15/2021-03-21,Asia,177
GK,2021-03-15/2021-03-21,Europe,175
GK,2021-03-15/2021-03-21,North America,40
GK,2021-03-15/2021-03-21,Oceania,2
GK,2021-03-22/2021-03-28,Africa,6
GK,2021-03-22/2021-03-28,Asia,255
GK,2021-03-22/2021-03-28,Europe,24
GK,2021-03-22/2021-03-28,North America,14
GK,2021-03-29/2021-04-04,Africa,12
GK,2021-03-29/2021-04-04,Asia,1055
GK,2021-03-29/2021-04-04,Europe,65
GK,2021-03-29/2021-04-04,North America,222
GK,2021-03-29/2021-04-04,Oceania,5
GK,2021-04-05/2021-04-11,Africa,25
GK,2021-04-05/2021-04-11,Asia,1471
GK,2021-04-05/2021-04-11,Europe,145
GK,2021-04-05/2021-04-11,North America,120
GK,2021-04-05/2021-04-11,Oceania,3
GK,2021-04-05/2021-04-11,South America,15
GK,2021-04-12/2021-04-18,Africa,15
GK,2021-04-12/2021-04-18,Asia,2019
GK,2021-04-12/2021-04-18,Europe,254
GK,2021-04-12/2021-04-18,North America,259
GK,2021-04-12/2021-04-18,Oceania,23
GK,2021-04-12/2021-04-18,South America,3
GK,2021-04-19/2021-04-25,Africa,23
GK,2021-04-19/2021-04-25,Asia,2209
GK,2021-04-19/2021-04-25,Europe,696
GK,2021-04-19/2021-04-25,North America,509
GK,2021-04-19/2021-04-25,Oceania,45
GK,2021-04-19/2021-04-25,South America,3
GK,2021-04-26/2021-05-02,Africa,59
GK,2021-04-26/2021-05-02,Asia,3867
GK,2021-04-26/2021-05-02,Europe,1245
GK,2021-04-26/2021-05-02,North America,1033
GK,2021-04-26/2021-05-02,Oceania,35
GK,2021-04-26/2021-05-02,South America,6
GK,2021-05-03/2021-05-09,Africa,55
GK,2021-05-03/2021-05-09,Asia,2642
GK,2021-05-03/2021-05-09,Europe,2304
GK,2021-05-03/2021-05-09,North America,809
GK,2021-05-03/2021-05-09,Oceania,42
GK,2021-05-10/2021-05-16,Africa,48
GK,2021-05-10/2021-05-16,Asia,2855
GK,2021-05-10/2021-05-16,Europe,3662
GK,2021-05-10/2021-05-16,North America,928
GK,2021-05-10/2021-05-16,Oceania,15
GK,2021-05-10/2021-05-16,South America,21
GK,2021-05-17/2021-05-23,Africa,126
GK,2021-05-17/2021-05-23,Asia,2884
GK,2021-05-17/2021-05-23,Europe,6831
GK,2021-05-17/2021-05-23,North America,1144
GK,2021-05-17/2021-05-23,Oceania,28
GK,2021-05-17/2021-05-23,South America,3
GK,2021-05-24/2021-05-30,Africa,296
GK,2021-05-24/2021-05-30,Asia,2217
GK,2021-05-24/2021-05-30,Europe,12177
GK,2021-05-24/2021-05-30,North America,1355
GK,2021-05-24/2021-05-30,Oceania,11
GK,2021-05-24/2021-05-30,South America,2
GK,2021-05-31/2021-06-06,Africa,675
GK,2021-05-31/2021-06-06,Asia,3266
GK,2021-05-31/2021-06-06,Europe,21033
GK,2021-05-31/2021-06-06,North America,3995
GK,2021-05-31/2021-06-06,Oceania,27
GK,2021-05-31/2021-06-06,South America,23
GK,2021-06-07/2021-06-13,Africa,499
GK,2021-06-07/2021-06-13,Asia,2273
GK,2021-06-07/2021-06-13,Europe,17270
GK,2021-06-07/2021-06-13,North America,3522
GK,2021-06-07/2021-06-13,Oceania,82
GK,2021-06-07/2021-06-13,South America,31
GK,2021-06-14/2021-06-20,Africa,978
GK,2021-06-14/2021-06-20,Asia,2785
GK,2021-06-14/2021-06-20,Europe,21713
GK,2021-06-14/2021-06-20,North America,4994
GK,2021-06-14/2021-06-20,Oceania,255
GK,2021-06-14/2021-06-20,South America,45
GK,2021-06-21/2021-06-27,Africa,1183
GK,2021-06-21/2021-06-27,Asia,3712
GK,2021-06-21/2021-06-27,Europe,31115
GK,2021-06-21/2021-06-27,North America,7855
GK,2021-06-21/2021-06-27,Oceania,194
GK,2021-06-21/2021-06-27,South America,90
GK,2021-06-28/2021-07-04,Africa,1665
GK,2021-06-28/2021-07-04,Asia,4830
GK,2021-06-28/2021-07-04,Europe,41921
GK,2021-06-28/2021-07-04,North America,14547
GK,2021-06-28/2021-07-04,Oceania,230
GK,2021-06-28/2021-07-04,South America,171
GK,2021-07-05/2021-07-11,Africa,1769
GK,2021-07-05/2021-07-11,Asia,4437
GK,2021-07-05/2021-07-11,Europe,45274
GK,2021-07-05/2021-07-11,North America,21375
GK,2021-07-05/2021-07-11,Oceania,496
GK,2021-07-05/2021-07-11,South America,309
GK,2021-07-12/2021-07-18,Africa,1553
GK,2021-07-12/2021-07-18,Asia,5782
GK,2021-07-12/2021-07-18,Europe,50870
GK,2021-07-12/2021-07-18,North America,32542
GK,2021-07-12/2021-07-18,Oceania,683
GK,2021-07-12/2021-07-18,South America,519
GK,2021-07-19/2021-07-25,Africa,1439
GK,2021-07-19/2021-07-25,Asia,8879
GK,2021-07-19/2021-07-25,Europe,69270
GK,2021-07-19/2021-07-25,North America,52299
GK,2021-07-19/2021-07-25,Oceania,933
GK,2021-07-19/2021-07-25,South America,577
GK,2021-07-26/2021-08-01,Africa,2152
GK,2021-07-26/2021-08-01,Asia,13047
GK,2021-07-26/2021-08-01,Europe,71150
GK,2021-07-26/2021-08-01,North America,79339
GK,2021-07-26/2021-08-01,Oceania,1277
GK,2021-07-26/2021-08-01,South America,866
GK,2021-08-02/2021-08-08,Africa,1943
GK,2021-08-02/2021-08-08,Asia,12957
GK,2021-08-02/2021-08-08,Europe,69603
GK,2021-08-02/2021-08-08,North America,81521
GK,2021-08-02/2021-08-08,Oceania,1394
GK,2021-08-02/2021-08-08,South America,1644
GK,2021-08-09/2021-08-15,Africa,2058
GK,2021-08-09/2021-08-15,Asia,16098
GK,2021-08-09/2021-08-15,Europe,76342
GK,2021-08-09/2021-08-15,North America,72715
GK,2021-08-09/2021-08-15,Oceania,1440
GK,2021-08-09/2021-08-15,South America,2213
GK,2021-08-16/2021-08-22,Africa,1680
GK,2021-08-16/2021-08-22,Asia,21216
GK,2021-08-16/2021-08-22,Europe,95831
GK,2021-08-16/2021-08-22,North America,71295
GK,2021-08-16/2021-08-22,Oceania,1983
GK,2021-08-16/2021-08-22,South America,2031
GK,2021-08-23/2021-08-29,Africa,1907
GK,2021-08-23/2021-08-29,Asia,21405
GK,2021-08-23/2021-08-29,Europe,77525
GK,2021-08-23/2021-08-29,North America,71680
GK,2021-08-23/2021-08-29,Oceania,2034
GK,2021-08-23/2021-08-29,South America,2642
GK,2021-08-30/2021-09-05,Africa,1687
GK,2021-08-30/2021-09-05,Asia,17059
GK,2021-08-30/2021-09-05,Europe,80522
GK,2021-08-30/2021-09-05,North America,82683
GK,2021-08-30/2021-09-05,Oceania,2547
GK,2021-08-30/2021-09-05,South America,3642
GK,2021-09-06/2021-09-12,Africa,1369
GK,2021-09-06/2021-09-12,Asia,12027
GK,2021-09-06/2021-09-12,Europe,76201
GK,2021-09-06/2021-09-12,North America,75621
GK,2021-09-06/2021-09-12,Oceania,2856
GK,2021-09-06/2021-09-12,South America,3865
GK,2021-09-13/2021-09-19,Africa,1147
GK,2021-09-13/2021-09-19,Asia,8473
GK,2021-09-13/2021-09-19,Europe,71258
GK,2021-09-13/2021-09-19,North America,67267
GK,2021-09-13/2021-09-19,Oceania,1410
GK,2021-09-13/2021-09-19,South America,3460
GK,2021-09-20/2021-09-26,Africa,893
GK,2021-09-20/2021-09-26,Asia,5945
GK,2021-09-20/2021-09-26,Europe,67914
GK,2021-09-20/2021-09-26,North America,59083
GK,2021-09-20/2021-09-26,Oceania,1128
GK,2021-09-20/2021-09-26,South America,3667
GK,2021-09-27/2021-10-03,Africa,574
GK,2021-09-27/2021-10-03,Asia,6048
GK,2021-09-27/2021-10-03,Europe,70983
GK,2021-09-27/2021-10-03,North America,63398
GK,2021-09-27/2021-10-03,Oceania,1899
GK,2021-09-27/2021-10-03,South America,4518
GK,2021-10-04/2021-10-10,Africa,662
GK,2021-10-04/2021-10-10,Asia,6008
GK,2021-10-04/2021-10-10,Europe,69965
GK,2021-10-04/2021-10-10,North America,62174
GK,2021-10-04/2021-10-10,Oceania,1655
GK,2021-10-04/2021-10-10,South America,4375
GK,2021-10-11/2021-10-17,Africa,547
GK,2021-10-11/2021-10-17,Asia,5546
GK,2021-10-11/2021-10-17,Europe,68635
GK,2021-10-11/2021-10-17,North America,54445
GK,2021-10-11/2021-10-17,Oceania,1768
GK,2021-10-11/2021-10-17,South America,3573
GK,2021-10-18/2021-10-24,Africa,534
GK,2021-10-18/2021-10-24,Asia,5372
GK,2021-10-18/2021-10-24,Europe,82828
GK,2021-10-18/2021-10-24,North America,56986
GK,2021-10-18/2021-10-24,Oceania,1532
GK,2021-10-18/2021-10-24,South America,3590
GK,2021-10-25/2021-10-31,Africa,501
GK,2021-10-25/2021-10-31,Asia,4499
GK,2021-10-25/2021-10-31,Europe,90522
GK,2021-10-25/2021-10-31,North America,58096
GK,2021-10-25/2021-10-31,Oceania,1067
GK,2021-10-25/2021-10-31,South America,3294
GK,2021-11-01/2021-11-07,Africa,386
GK,2021-11-01/2021-11-07,Asia,5857
GK,2021-11-01/2021-11-07,Europe,99872
GK,2021-11-01/2021-11-07,North America,70999
GK,2021-11-01/2021-11-07,Oceania,1200
GK,2021-11-01/2021-11-07,South America,4014
GK,2021-11-08/2021-11-14,Africa,473
GK,2021-11-08/2021-11-14,Asia,4762
GK,2021-11-08/2021-11-14,Europe,103452
GK,2021-11-08/2021-11-14,North America,64949
GK,2021-11-08/2021-11-14,Oceania,1547
GK,2021-11-08/2021-11-14,South America,3977
GK,2021-11-15/2021-11-21,Africa,595
GK,2021-11-15/2021-11-21,Asia,4677
GK,2021-11-15/2021-11-21,Europe,109288
GK,2021-11-15/2021-11-21,North America,61745
GK,2021-11-15/2021-11-21,Oceania,1302
GK,2021-11-15/2021-11-21,South America,3531
GK,2021-11-22/2021-11-28,Africa,545
GK,2021-11-22/2021-11-28,Asia,5236
GK,2021-11-22/2021-11-28,Europe,110810
GK,2021-11-22/2021-11-28,North America,50510
GK,2021-11-22/2021-11-28,Oceania,1594
GK,2021-11-22/2021-11-28,South America,3144
GK,2021-11-29/2021-12-05,Africa,483
GK,2021-11-29/2021-12-05,Asia,6553
GK,2021-11-29/2021-12-05,Europe,129077
GK,2021-11-29/2021-12-05,North America,73253
GK,2021-11-29/2021-12-05,Oceania,1837
GK,2021-11-29/2021-12-05,South America,3084
GK,2021-12-06/2021-12-12,Africa,426
GK,2021-12-06/2021-12-12,Asia,5261
GK,2021-12-06/2021-12-12,Europe,109882
GK,2021-12-06/2021-12-12,North America,62196
GK,2021-12-06/2021-12-12,Oceania,2071
GK,2021-12-06/2021-12-12,South America,2691
GK,2021-12-13/2021-12-19,Africa,412
GK,2021-12-13/2021-12-19,Asia,5101
GK,2021-12-13/2021-12-19,Europe,67874
GK,2021-12-13/2021-12-19,North America,46539
GK,2021-12-13/2021-12-19,Oceania,1596
GK,2021-12-13/2021-12-19,South America,2430
GK,2021-12-20/2021-12-26,Africa,300
GK,2021-12-20/2021-12-26,Asia,4772
GK,2021-12-20/2021-12-26,Europe,35501
GK,2021-12-20/2021-12-26,North America,20199
GK,2021-12-20/2021-12-26,Oceania,1435
GK,2021-12-20/2021-12-26,South America,1385
GK,2021-12-27/2022-01-02,Africa,304
GK,2021-12-27/2022-01-02,Asia,3725
GK,2021-12-27/2022-01-02,Europe,24349
GK,2021-12-27/2022-01-02,North America,10600
GK,2021-12-27/2022-01-02,Oceania,603
GK,2021-12-27/2022-01-02,South America,759
GK,2022-01-03/2022-01-09,Africa,195
GK,2022-01-03/2022-01-09,Asia,2885
GK,2022-01-03/2022-01-09,Europe,13410
GK,2022-01-03/2022-01-09,North America,4757
GK,2022-01-03/2022-01-09,Oceania,290
GK,2022-01-03/2022-01-09,South America,565
GK,2022-01-10/2022-01-16,Africa,113
GK,2022-01-10/2022-01-16,Asia,1450
GK,2022-01-10/2022-01-16,Europe,6526
GK,2022-01-10/2022-01-16,North America,1969
GK,2022-01-10/2022-01-16,Oceania,184
GK,2022-01-10/2022-01-16,South America,215
GK,2022-01-17/2022-01-23,Africa,15
GK,2022-01-17/2022-01-23,Asia,680
GK,2022-01-17/2022-01-23,Europe,2867
GK,2022-01-17/2022-01-23,North America,844
GK,2022-01-17/2022-01-23,Oceania,135
GK,2022-01-17/2022-01-23,South America,79
GK,2022-01-24/2022-01-30,Africa,17
GK,2022-01-24/2022-01-30,Asia,287
GK,2022-01-24/2022-01-30,Europe,1115
GK,2022-01-24/2022-01-30,North America,412
GK,2022-01-24/2022-01-30,Oceania,62
GK,2022-01-24/2022-01-30,South America,27
GK,2022-01-31/2022-02-06,Africa,5
GK,2022-01-31/2022-02-06,Asia,202
GK,2022-01-31/2022-02-06,Europe,558
GK,2022-01-31/2022-02-06,North America,333
GK,2022-01-31/2022-02-06,Oceania,36
GK,2022-01-31/2022-02-06,South America,14
GK,2022-02-07/2022-02-13,Africa,6
GK,2022-02-07/2022-02-13,Asia,150
GK,2022-02-07/2022-02-13,Europe,284
GK,2022-02-07/2022-02-13,North America,105
GK,2022-02-07/2022-02-13,Oceania,11
GK,2022-02-07/2022-02-13,South America,5
GK,2022-02-14/2022-02-20,Africa,4
GK,2022-02-14/2022-02-20,Asia,111
GK,2022-02-14/2022-02-20,Europe,117
GK,2022-02-14/2022-02-20,North America,49
GK,2022-02-14/2022-02-20,Oceania,6
GK,2022-02-14/2022-02-20,South America,7
GK,2022-02-21/2022-02-27,Africa,4
GK,2022-02-21/2022-02-27,Asia,42
GK,2022-02-21/2022-02-27,Europe,85
GK,2022-02-21/2022-02-27,North America,44
GK,2022-02-21/2022-02-27,Oceania,4
GK,2022-02-21/2022-02-27,South America,6
GK,2022-02-28/2022-03-06,Africa,2
GK,2022-02-28/2022-03-06,Asia,32
GK,2022-02-28/2022-03-06,Europe,32
GK,2022-02-28/2022-03-06,North America,27
GK,2022-02-28/2022-03-06,Oceania,15
GK,2022-02-28/2022-03-06,South America,3
GK,2022-03-07/2022-03-13,Africa,1
GK,2022-03-07/2022-03-13,Asia,31
GK,2022-03-07/2022-03-13,Europe,42
GK,2022-03-07/2022-03-13,North America,29
GK,2022-03-07/2022-03-13,Oceania,9
GK,2022-03-07/2022-03-13,South America,4
GK,2022-03-14/2022-03-20,Africa,3
GK,2022-03-14/2022-03-20,Asia,26
GK,2022-03-14/2022-03-20,Europe,48
GK,2022-03-14/2022-03-20,North America,19
GK,2022-03-14/2022-03-20,Oceania,23
GK,2022-03-14/2022-03-20,South America,3
GK,2022-03-21/2022-03-27,Africa,2
GK,2022-03-21/2022-03-27,Asia,12
GK,2022-03-21/2022-03-27,Europe,16
GK,2022-03-21/2022-03-27,North America,21
GK,2022-03-21/2022-03-27,Oceania,15
GK,2022-03-21/2022-03-27,South America,1
GK,2022-03-28/2022-04-03,Africa,2
GK,2022-03-28/2022-04-03,Asia,9
GK,2022-03-28/2022-04-03,Europe,14
GK,2022-03-28/2022-04-03,North America,9
GK,2022-03-28/2022-04-03,Oceania,3
GK,2022-04-04/2022-04-10,Africa,1
GK,2022-04-04/2022-04-10,Asia,2
GK,2022-04-04/2022-04-10,Europe,11
GK,2022-04-04/2022-04-10,North America,8
GK,2022-04-04/2022-04-10,Oceania,1
GK,2022-04-04/2022-04-10,South America,1
GK,2022-04-11/2022-04-17,Asia,1
GK,2022-04-11/2022-04-17,Europe,7
GK,2022-04-11/2022-04-17,North America,10
GK,2022-04-11/2022-04-17,Oceania,3
GK,2022-04-18/2022-04-24,Asia,4
GK,2022-04-18/2022-04-24,Europe,5
GK,2022-04-18/2022-04-24,North America,8
GK,2022-04-18/2022-04-24,Oceania,1
GK,2022-04-25/2022-05-01,Asia,3
GK,2022-04-25/2022-05-01,Europe,3
GK,2022-04-25/2022-05-01,North America,8
GK,2022-04-25/2022-05-01,Oceania,1
GK,2022-04-25/2022-05-01,South America,1
GK,2022-05-02/2022-05-08,Africa,1
GK,2022-05-02/2022-05-08,Asia,1
GK,2022-05-02/2022-05-08,Europe,2
GK,2022-05-02/2022-05-08,South America,1
GK,2022-05-09/2022-05-15,Asia,1
GK,2022-05-09/2022-05-15,Europe,5
GK,2022-05-09/2022-05-15,North America,3
GK,2022-05-16/2022-05-22,Europe,2
GK,2022-05-16/2022-05-22,North America,1
GK,2022-05-23/2022-05-29,Europe,1
GK,2022-05-23/2022-05-29,North America,2
GK,2022-05-30/2022-06-05,Europe,1
GR,2019-12-30/2020-01-05,Africa,100
GR,2019-12-30/2020-01-05,Asia,298
GR,2019-12-30/2020-01-05,Europe,1149
GR,2019-12-30/2020-01-05,North America,29
GR,2019-12-30/2020-01-05,Oceania,104
GR,2019-12-30/2020-01-05,South America,47
GR,2020-01-06/2020-01-12,Asia,1
GR,2020-01-13/2020-01-19,Africa,2
GR,2020-01-27/2020-02-02,Asia,1
GR,2020-01-27/2020-02-02,Europe,4
GR,2020-02-03/2020-02-09,Europe,2
GR,2020-02-10/2020-02-16,Asia,5
GR,2020-02-10/2020-02-16,Europe,3
GR,2020-02-10/2020-02-16,South America,1
GR,2020-02-17/2020-02-23,Asia,1
GR,2020-02-17/2020-02-23,Europe,2
GR,2020-02-17/2020-02-23,North America,1
GR,2020-02-24/2020-03-01,Africa,4
GR,2020-02-24/2020-03-01,Asia,38
GR,2020-02-24/2020-03-01,Europe,222
GR,2020-02-24/2020-03-01,North America,118
GR,2020-02-24/2020-03-01,South America,5
GR,2020-03-02/2020-03-08,Africa,1
GR,2020-03-02/2020-03-08,Asia,30
GR,2020-03-02/2020-03-08,Europe,609
GR,2020-03-02/2020-03-08,North America,14
GR,2020-03-02/2020-03-08,Oceania,6
GR,2020-03-02/2020-03-08,South America,12
GR,2020-03-09/2020-03-15,Africa,1
GR,2020-03-09/2020-03-15,Asia,72
GR,2020-03-09/2020-03-15,Europe,859
GR,2020-03-09/2020-03-15,North America,189
GR,2020-03-09/2020-03-15,Oceania,27
GR,2020-03-09/2020-03-15,South America,52
GR,2020-03-16/2020-03-22,Africa,19
GR,2020-03-16/2020-03-22,Asia,205
GR,2020-03-16/2020-03-22,Europe,1598
GR,2020-03-16/2020-03-22,North America,354
GR,2020-03-16/2020-03-22,Oceania,134
GR,2020-03-16/2020-03-22,South America,178
GR,2020-03-23/2020-03-29,Africa,24
GR,2020-03-23/2020-03-29,Asia,212
GR,2020-03-23/2020-03-29,Europe,3092
GR,2020-03-23/2020-03-29,North America,396
GR,2020-03-23/2020-03-29,Oceania,227
GR,2020-03-23/2020-03-29,South America,214
GR,2020-03-30/2020-04-05,Africa,41
GR,2020-03-30/2020-04-05,Asia,686
GR,2020-03-30/2020-04-05,Europe,3610
GR,2020-03-30/2020-04-05,North America,534
GR,2020-03-30/2020-04-05,Oceania,101
GR,2020-03-30/2020-04-05,South America,277
GR,2020-04-06/2020-04-12,Africa,30
GR,2020-04-06/2020-04-12,Asia,987
GR,2020-04-06/2020-04-12,Europe,3366
GR,2020-04-06/2020-04-12,North America,373
GR,2020-04-06/2020-04-12,Oceania,57
GR,2020-04-06/2020-04-12,South America,232
GR,2020-04-13/2020-04-19,Africa,51
GR,2020-04-13/2020-04-19,Asia,829
GR,2020-04-13/2020-04-19,Europe,2776
GR,2020-04-13/2020-04-19,North America,448
GR,2020-04-13/2020-04-19,Oceania,35
GR,2020-04-13/2020-04-19,South America,305
GR,2020-04-20/2020-04-26,Africa,68
GR,2020-04-20/2020-04-26,Asia,639
GR,2020-04-20/2020-04-26,Europe,2146
GR,2020-04-20/2020-04-26,North America,371
GR,2020-04-20/2020-04-26,Oceania,13
GR,2020-04-20/2020-04-26,South America,307
GR,2020-04-27/2020-05-03,Africa,81
GR,2020-04-27/2020-05-03,Asia,533
GR,2020-04-27/2020-05-03,Europe,1997
GR,2020-04-27/2020-05-03,North America,662
GR,2020-04-27/2020-05-03,Oceania,8
GR,2020-04-27/2020-05-03,South America,238
GR,2020-05-04/2020-05-10,Africa,141
GR,2020-05-04/2020-05-10,Asia,231
GR,2020-05-04/2020-05-10,Europe,1523
GR,2020-05-04/2020-05-10,North America,360
GR,2020-05-04/2020-05-10,Oceania,1
GR,2020-05-04/2020-05-10,South America,199
GR,2020-05-11/2020-05-17,Africa,90
GR,2020-05-11/2020-05-17,Asia,529
GR,2020-05-11/2020-05-17,Europe,1172
GR,2020-05-11/2020-05-17,North America,326
GR,2020-05-11/2020-05-17,Oceania,8
GR,2020-05-11/2020-05-17,South America,188
GR,2020-05-18/2020-05-24,Africa,96
GR,2020-05-18/2020-05-24,Asia,570
GR,2020-05-18/2020-05-24,Europe,1069
GR,2020-05-18/2020-05-24,North America,391
GR,2020-05-18/2020-05-24,Oceania,7
GR,2020-05-18/2020-05-24,South America,179
GR,2020-05-25/2020-05-31,Africa,95
GR,2020-05-25/2020-05-31,Asia,284
GR,2020-05-25/2020-05-31,Europe,755
GR,2020-05-25/2020-05-31,North America,461
GR,2020-05-25/2020-05-31,Oceania,25
GR,2020-05-25/2020-05-31,South America,156
GR,2020-06-01/2020-06-07,Africa,143
GR,2020-06-01/2020-06-07,Asia,401
GR,2020-06-01/2020-06-07,Europe,1036
GR,2020-06-01/2020-06-07,North America,821
GR,2020-06-01/2020-06-07,Oceania,12
GR,2020-06-01/2020-06-07,South America,183
GR,2020-06-08/2020-06-14,Africa,112
GR,2020-06-08/2020-06-14,Asia,360
GR,2020-06-08/2020-06-14,Europe,2460
GR,2020-06-08/2020-06-14,North America,657
GR,2020-06-08/2020-06-14,Oceania,53
GR,2020-06-08/2020-06-14,South America,117
GR,2020-06-15/2020-06-21,Africa,184
GR,2020-06-15/2020-06-21,Asia,423
GR,2020-06-15/2020-06-21,Europe,2029
GR,2020-06-15/2020-06-21,North America,775
GR,2020-06-15/2020-06-21,Oceania,74
GR,2020-06-15/2020-06-21,South America,213
GR,2020-06-22/2020-06-28,Africa,141
GR,2020-06-22/2020-06-28,Asia,386
GR,2020-06-22/2020-06-28,Europe,1242
GR,2020-06-22/2020-06-28,North America,669
GR,2020-06-22/2020-06-28,Oceania,264
GR,2020-06-22/2020-06-28,South America,209
GR,2020-06-29/2020-07-05,Africa,268
GR,2020-06-29/2020-07-05,Asia,1092
GR,2020-06-29/2020-07-05,Europe,1514
GR,2020-06-29/2020-07-05,North America,876
GR,2020-06-29/2020-07-05,Oceania,522
GR,2020-06-29/2020-07-05,South America,246
GR,2020-07-06/2020-07-12,Africa,218
GR,2020-07-06/2020-07-12,Asia,662
GR,2020-07-06/2020-07-12,Europe,499
GR,2020-07-06/2020-07-12,North America,734
GR,2020-07-06/2020-07-12,Oceania,1015
GR,2020-07-06/2020-07-12,South America,147
GR,2020-07-13/2020-07-19,Africa,355
GR,2020-07-13/2020-07-19,Asia,842
GR,2020-07-13/2020-07-19,Europe,1034
GR,2020-07-13/2020-07-19,North America,766
GR,2020-07-13/2020-07-19,Oceania,1711
GR,2020-07-13/2020-07-19,South America,178
GR,2020-07-20/2020-07-26,Africa,360
GR,2020-07-20/2020-07-26,Asia,1013
GR,2020-07-20/2020-07-26,Europe,887
GR,2020-07-20/2020-07-26,North America,720
GR,2020-07-20/2020-07-26,Oceania,2098
GR,2020-07-20/2020-07-26,South America,159
GR,2020-07-27/2020-08-02,Africa,504
GR,2020-07-27/2020-08-02,Asia,1906
GR,2020-07-27/2020-08-02,Europe,931
GR,2020-07-27/2020-08-02,North America,674
GR,2020-07-27/2020-08-02,Oceania,2260
GR,2020-07-27/2020-08-02,South America,199
GR,2020-08-03/2020-08-09,Africa,163
GR,2020-08-03/2020-08-09,Asia,1495
GR,2020-08-03/2020-08-09,Europe,1160
GR,2020-08-03/2020-08-09,North America,629
GR,2020-08-03/2020-08-09,Oceania,1759
GR,2020-08-03/2020-08-09,South America,191
GR,2020-08-10/2020-08-16,Africa,136
GR,2020-08-10/2020-08-16,Asia,1151
GR,2020-08-10/2020-08-16,Europe,1789
GR,2020-08-10/2020-08-16,North America,618
GR,2020-08-10/2020-08-16,Oceania,1252
GR,2020-08-10/2020-08-16,South America,232
GR,2020-08-17/2020-08-23,Africa,124
GR,2020-08-17/2020-08-23,Asia,916
GR,2020-08-17/2020-08-23,Europe,1560
GR,2020-08-17/2020-08-23,North America,458
GR,2020-08-17/2020-08-23,Oceania,1253
GR,2020-08-17/2020-08-23,South America,244
GR,2020-08-24/2020-08-30,Africa,83
GR,2020-08-24/2020-08-30,Asia,995
GR,2020-08-24/2020-08-30,Europe,1764
GR,2020-08-24/2020-08-30,North America,512
GR,2020-08-24/2020-08-30,Oceania,752
GR,2020-08-24/2020-08-30,South America,192
GR,2020-08-31/2020-09-06,Africa,148
GR,2020-08-31/2020-09-06,Asia,749
GR,2020-08-31/2020-09-06,Europe,1817
GR,2020-08-31/2020-09-06,North America,791
GR,2020-08-31/2020-09-06,Oceania,481
GR,2020-08-31/2020-09-06,South America,259
GR,2020-09-07/2020-09-13,Africa,149
GR,2020-09-07/2020-09-13,Asia,558
GR,2020-09-07/2020-09-13,Europe,2004
GR,2020-09-07/2020-09-13,North America,440
GR,2020-09-07/2020-09-13,Oceania,297
GR,2020-09-07/2020-09-13,South America,187
GR,2020-09-14/2020-09-20,Africa,86
GR,2020-09-14/2020-09-20,Asia,486
GR,2020-09-14/2020-09-20,Europe,2148
GR,2020-09-14/2020-09-20,North America,494
GR,2020-09-14/2020-09-20,Oceania,203
GR,2020-09-14/2020-09-20,South America,176
GR,2020-09-21/2020-09-27,Africa,82
GR,2020-09-21/2020-09-27,Asia,396
GR,2020-09-21/2020-09-27,Europe,2867
GR,2020-09-21/2020-09-27,North America,513
GR,2020-09-21/2020-09-27,Oceania,92
GR,2020-09-21/2020-09-27,South America,164
GR,2020-09-28/2020-10-04,Africa,92
GR,2020-09-28/2020-10-04,Asia,682
GR,2020-09-28/2020-10-04,Europe,2325
GR,2020-09-28/2020-10-04,North America,964
GR,2020-09-28/2020-10-04,Oceania,63
GR,2020-09-28/2020-10-04,South America,161
GR,2020-10-05/2020-10-11,Africa,143
GR,2020-10-05/2020-10-11,Asia,522
GR,2020-10-05/2020-10-11,Europe,2564
GR,2020-10-05/2020-10-11,North America,824
GR,2020-10-05/2020-10-11,Oceania,93
GR,2020-10-05/2020-10-11,South America,190
GR,2020-10-12/2020-10-18,Africa,105
GR,2020-10-12/2020-10-18,Asia,498
GR,2020-10-12/2020-10-18,Europe,2548
GR,2020-10-12/2020-10-18,North America,825
GR,2020-10-12/2020-10-18,Oceania,54
GR,2020-10-12/2020-10-18,South America,299
GR,2020-10-19/2020-10-25,Africa,92
GR,2020-10-19/2020-10-25,Asia,537
GR,2020-10-19/2020-10-25,Europe,2675
GR,2020-10-19/2020-10-25,North America,702
GR,2020-10-19/2020-10-25,Oceania,55
GR,2020-10-19/2020-10-25,South America,189
GR,2020-10-26/2020-11-01,Africa,117
GR,2020-10-26/2020-11-01,Asia,569
GR,2020-10-26/2020-11-01,Europe,2428
GR,2020-10-26/2020-11-01,North America,1306
GR,2020-10-26/2020-11-01,Oceania,25
GR,2020-10-26/2020-11-01,South America,187
GR,2020-11-02/2020-11-08,Africa,95
GR,2020-11-02/2020-11-08,Asia,705
GR,2020-11-02/2020-11-08,Europe,2939
GR,2020-11-02/2020-11-08,North America,1224
GR,2020-11-02/2020-11-08,Oceania,14
GR,2020-11-02/2020-11-08,South America,172
GR,2020-11-09/2020-11-15,Africa,55
GR,2020-11-09/2020-11-15,Asia,930
GR,2020-11-09/2020-11-15,Europe,2660
GR,2020-11-09/2020-11-15,North America,1184
GR,2020-11-09/2020-11-15,Oceania,9
GR,2020-11-09/2020-11-15,South America,214
GR,2020-11-16/2020-11-22,Africa,64
GR,2020-11-16/2020-11-22,Asia,1255
GR,2020-11-16/2020-11-22,Europe,1935
GR,2020-11-16/2020-11-22,North America,955
GR,2020-11-16/2020-11-22,Oceania,7
GR,2020-11-16/2020-11-22,South America,323
GR,2020-11-23/2020-11-29,Africa,82
GR,2020-11-23/2020-11-29,Asia,1163
GR,2020-11-23/2020-11-29,Europe,1539
GR,2020-11-23/2020-11-29,North America,1043
GR,2020-11-23/2020-11-29,Oceania,12
GR,2020-11-23/2020-11-29,South America,372
GR,2020-11-30/2020-12-06,Africa,92
GR,2020-11-30/2020-12-06,Asia,1659
GR,2020-11-30/2020-12-06,Europe,1472
GR,2020-11-30/2020-12-06,North America,1269
GR,2020-11-30/2020-12-06,Oceania,6
GR,2020-11-30/2020-12-06,South America,332
GR,2020-12-07/2020-12-13,Africa,91
GR,2020-12-07/2020-12-13,Asia,1626
GR,2020-12-07/2020-12-13,Europe,1841
GR,2020-12-07/2020-12-13,North America,1549
GR,2020-12-07/2020-12-13,Oceania,6
GR,2020-12-07/2020-12-13,South America,395
GR,2020-12-14/2020-12-20,Africa,93
GR,2020-12-14/2020-12-20,Asia,1467
GR,2020-12-14/2020-12-20,Europe,2309
GR,2020-12-14/2020-12-20,North America,1494
GR,2020-12-14/2020-12-20,Oceania,16
GR,2020-12-14/2020-12-20,South America,403
GR,2020-12-21/2020-12-27,Africa,185
GR,2020-12-21/2020-12-27,Asia,1919
GR,2020-12-21/2020-12-27,Europe,1656
GR,2020-12-21/2020-12-27,North America,1368
GR,2020-12-21/2020-12-27,Oceania,10
GR,2020-12-21/2020-12-27,South America,397
GR,2020-12-28/2021-01-03,Africa,235
GR,2020-12-28/2021-01-03,Asia,3714
GR,2020-12-28/2021-01-03,Europe,4929
GR,2020-12-28/2021-01-03,North America,2498
GR,2020-12-28/2021-01-03,Oceania,37
GR,2020-12-28/2021-01-03,South America,770
GR,2021-01-04/2021-01-10,Africa,284
GR,2021-01-04/2021-01-10,Asia,3015
GR,2021-01-04/2021-01-10,Europe,2119
GR,2021-01-04/2021-01-10,North America,2666
GR,2021-01-04/2021-01-10,Oceania,30
GR,2021-01-04/2021-01-10,South America,711
GR,2021-01-11/2021-01-17,Africa,148
GR,2021-01-11/2021-01-17,Asia,2753
GR,2021-01-11/2021-01-17,Europe,2223
GR,2021-01-11/2021-01-17,North America,2783
GR,2021-01-11/2021-01-17,Oceania,15
GR,2021-01-11/2021-01-17,South America,703
GR,2021-01-18/2021-01-24,Africa,111
GR,2021-01-18/2021-01-24,Asia,2319
GR,2021-01-18/2021-01-24,Europe,2767
GR,2021-01-18/2021-01-24,North America,2458
GR,2021-01-18/2021-01-24,Oceania,11
GR,2021-01-18/2021-01-24,South America,663
GR,2021-01-25/2021-01-31,Africa,160
GR,2021-01-25/2021-01-31,Asia,2257
GR,2021-01-25/2021-01-31,Europe,3459
GR,2021-01-25/2021-01-31,North America,2204
GR,2021-01-25/2021-01-31,Oceania,13
GR,2021-01-25/2021-01-31,South America,706
GR,2021-02-01/2021-02-07,Africa,238
GR,2021-02-01/2021-02-07,Asia,1950
GR,2021-02-01/2021-02-07,Europe,3883
GR,2021-02-01/2021-02-07,North America,3553
GR,2021-02-01/2021-02-07,Oceania,10
GR,2021-02-01/2021-02-07,South America,857
GR,2021-02-08/2021-02-14,Africa,175
GR,2021-02-08/2021-02-14,Asia,1188
GR,2021-02-08/2021-02-14,Europe,3896
GR,2021-02-08/2021-02-14,North America,3071
GR,2021-02-08/2021-02-14,Oceania,28
GR,2021-02-08/2021-02-14,South America,911
GR,2021-02-15/2021-02-21,Africa,124
GR,2021-02-15/2021-02-21,Asia,1105
GR,2021-02-15/2021-02-21,Europe,4195
GR,2021-02-15/2021-02-21,North America,2767
GR,2021-02-15/2021-02-21,Oceania,16
GR,2021-02-15/2021-02-21,South America,917
GR,2021-02-22/2021-02-28,Africa,149
GR,2021-02-22/2021-02-28,Asia,954
GR,2021-02-22/2021-02-28,Europe,4891
GR,2021-02-22/2021-02-28,North America,3428
GR,2021-02-22/2021-02-28,Oceania,11
GR,2021-02-22/2021-02-28,South America,1299
GR,2021-03-01/2021-03-07,Africa,309
GR,2021-03-01/2021-03-07,Asia,1335
GR,2021-03-01/2021-03-07,Europe,5793
GR,2021-03-01/2021-03-07,North America,6572
GR,2021-03-01/2021-03-07,Oceania,12
GR,2021-03-01/2021-03-07,South America,1213
GR,2021-03-08/2021-03-14,Africa,192
GR,2021-03-08/2021-03-14,Asia,1221
GR,2021-03-08/2021-03-14,Europe,5039
GR,2021-03-08/2021-03-14,North America,5227
GR,2021-03-08/2021-03-14,Oceania,20
GR,2021-03-08/2021-03-14,South America,1329
GR,2021-03-15/2021-03-21,Africa,147
GR,2021-03-15/2021-03-21,Asia,1302
GR,2021-03-15/2021-03-21,Europe,5583
GR,2021-03-15/2021-03-21,North America,6559
GR,2021-03-15/2021-03-21,Oceania,13
GR,2021-03-15/2021-03-21,South America,1485
GR,2021-03-22/2021-03-28,Africa,172
GR,2021-03-22/2021-03-28,Asia,1408
GR,2021-03-22/2021-03-28,Europe,4774
GR,2021-03-22/2021-03-28,North America,8539
GR,2021-03-22/2021-03-28,Oceania,13
GR,2021-03-22/2021-03-28,South America,1887
GR,2021-03-29/2021-04-04,Africa,163
GR,2021-03-29/2021-04-04,Asia,1801
GR,2021-03-29/2021-04-04,Europe,4730
GR,2021-03-29/2021-04-04,North America,12421
GR,2021-03-29/2021-04-04,Oceania,13
GR,2021-03-29/2021-04-04,South America,1818
GR,2021-04-05/2021-04-11,Africa,102
GR,2021-04-05/2021-04-11,Asia,1426
GR,2021-04-05/2021-04-11,Europe,6020
GR,2021-04-05/2021-04-11,North America,11349
GR,2021-04-05/2021-04-11,Oceania,7
GR,2021-04-05/2021-04-11,South America,3043
GR,2021-04-12/2021-04-18,Africa,113
GR,2021-04-12/2021-04-18,Asia,1687
GR,2021-04-12/2021-04-18,Europe,5461
GR,2021-04-12/2021-04-18,North America,11393
GR,2021-04-12/2021-04-18,Oceania,11
GR,2021-04-12/2021-04-18,South America,2465
GR,2021-04-19/2021-04-25,Africa,146
GR,2021-04-19/2021-04-25,Asia,2271
GR,2021-04-19/2021-04-25,Europe,5579
GR,2021-04-19/2021-04-25,North America,10768
GR,2021-04-19/2021-04-25,Oceania,21
GR,2021-04-19/2021-04-25,South America,2809
GR,2021-04-26/2021-05-02,Africa,168
GR,2021-04-26/2021-05-02,Asia,3657
GR,2021-04-26/2021-05-02,Europe,5795
GR,2021-04-26/2021-05-02,North America,12437
GR,2021-04-26/2021-05-02,Oceania,21
GR,2021-04-26/2021-05-02,South America,2648
GR,2021-05-03/2021-05-09,Africa,137
GR,2021-05-03/2021-05-09,Asia,1896
GR,2021-05-03/2021-05-09,Europe,6994
GR,2021-05-03/2021-05-09,North America,10510
GR,2021-05-03/2021-05-09,Oceania,10
GR,2021-05-03/2021-05-09,South America,2502
GR,2021-05-10/2021-05-16,Africa,123
GR,2021-05-10/2021-05-16,Asia,2087
GR,2021-05-10/2021-05-16,Europe,5533
GR,2021-05-10/2021-05-16,North America,8906
GR,2021-05-10/2021-05-16,Oceania,13
GR,2021-05-10/2021-05-16,South America,2494
GR,2021-05-17/2021-05-23,Africa,112
GR,2021-05-17/2021-05-23,Asia,1652
GR,2021-05-17/2021-05-23,Europe,5655
GR,2021-05-17/2021-05-23,North America,8072
GR,2021-05-17/2021-05-23,Oceania,8
GR,2021-05-17/2021-05-23,South America,2771
GR,2021-05-24/2021-05-30,Africa,133
GR,2021-05-24/2021-05-30,Asia,1462
GR,2021-05-24/2021-05-30,Europe,5545
GR,2021-05-24/2021-05-30,North America,5499
GR,2021-05-24/2021-05-30,Oceania,7
GR,2021-05-24/2021-05-30,South America,2742
GR,2021-05-31/2021-06-06,Africa,125
GR,2021-05-31/2021-06-06,Asia,1480
GR,2021-05-31/2021-06-06,Europe,5520
GR,2021-05-31/2021-06-06,North America,5361
GR,2021-05-31/2021-06-06,Oceania,19
GR,2021-05-31/2021-06-06,South America,3439
GR,2021-06-07/2021-06-13,Africa,105
GR,2021-06-07/2021-06-13,Asia,2342
GR,2021-06-07/2021-06-13,Europe,4146
GR,2021-06-07/2021-06-13,North America,4830
GR,2021-06-07/2021-06-13,Oceania,10
GR,2021-06-07/2021-06-13,South America,3857
GR,2021-06-14/2021-06-20,Africa,133
GR,2021-06-14/2021-06-20,Asia,2001
GR,2021-06-14/2021-06-20,Europe,2857
GR,2021-06-14/2021-06-20,North America,4102
GR,2021-06-14/2021-06-20,Oceania,6
GR,2021-06-14/2021-06-20,South America,3105
GR,2021-06-21/2021-06-27,Africa,74
GR,2021-06-21/2021-06-27,Asia,2266
GR,2021-06-21/2021-06-27,Europe,2285
GR,2021-06-21/2021-06-27,North America,3216
GR,2021-06-21/2021-06-27,Oceania,10
GR,2021-06-21/2021-06-27,South America,3149
GR,2021-06-28/2021-07-04,Africa,122
GR,2021-06-28/2021-07-04,Asia,2040
GR,2021-06-28/2021-07-04,Europe,2365
GR,2021-06-28/2021-07-04,North America,3011
GR,2021-06-28/2021-07-04,Oceania,7
GR,2021-06-28/2021-07-04,South America,4093
GR,2021-07-05/2021-07-11,Africa,109
GR,2021-07-05/2021-07-11,Asia,2503
GR,2021-07-05/2021-07-11,Europe,2458
GR,2021-07-05/2021-07-11,North America,2821
GR,2021-07-05/2021-07-11,Oceania,12
GR,2021-07-05/2021-07-11,South America,3274
GR,2021-07-12/2021-07-18,Africa,72
GR,2021-07-12/2021-07-18,Asia,2292
GR,2021-07-12/2021-07-18,Europe,2177
GR,2021-07-12/2021-07-18,North America,2354
GR,2021-07-12/2021-07-18,Oceania,11
GR,2021-07-12/2021-07-18,South America,3630
GR,2021-07-19/2021-07-25,Africa,87
GR,2021-07-19/2021-07-25,Asia,2132
GR,2021-07-19/2021-07-25,Europe,1302
GR,2021-07-19/2021-07-25,North America,1989
GR,2021-07-19/2021-07-25,Oceania,2
GR,2021-07-19/2021-07-25,South America,3171
GR,2021-07-26/2021-08-01,Africa,92
GR,2021-07-26/2021-08-01,Asia,2154
GR,2021-07-26/2021-08-01,Europe,983
GR,2021-07-26/2021-08-01,North America,1626
GR,2021-07-26/2021-08-01,Oceania,3
GR,2021-07-26/2021-08-01,South America,2631
GR,2021-08-02/2021-08-08,Africa,58
GR,2021-08-02/2021-08-08,Asia,936
GR,2021-08-02/2021-08-08,Europe,2281
GR,2021-08-02/2021-08-08,North America,1087
GR,2021-08-02/2021-08-08,Oceania,1
GR,2021-08-02/2021-08-08,South America,3044
GR,2021-08-09/2021-08-15,Africa,30
GR,2021-08-09/2021-08-15,Asia,910
GR,2021-08-09/2021-08-15,Europe,660
GR,2021-08-09/2021-08-15,North America,560
GR,2021-08-09/2021-08-15,Oceania,2
GR,2021-08-09/2021-08-15,South America,2002
GR,2021-08-16/2021-08-22,Africa,26
GR,2021-08-16/2021-08-22,Asia,633
GR,2021-08-16/2021-08-22,Europe,144
GR,2021-08-16/2021-08-22,North America,411
GR,2021-08-16/2021-08-22,Oceania,1
GR,2021-08-16/2021-08-22,South America,1587
GR,2021-08-23/2021-08-29,Africa,33
GR,2021-08-23/2021-08-29,Asia,362
GR,2021-08-23/2021-08-29,Europe,100
GR,2021-08-23/2021-08-29,North America,205
GR,2021-08-23/2021-08-29,Oceania,3
GR,2021-08-23/2021-08-29,South America,1430
GR,2021-08-30/2021-09-05,Africa,35
GR,2021-08-30/2021-09-05,Asia,179
GR,2021-08-30/2021-09-05,Europe,82
GR,2021-08-30/2021-09-05,North America,202
GR,2021-08-30/2021-09-05,South America,1071
GR,2021-09-06/2021-09-12,Africa,46
GR,2021-09-06/2021-09-12,Asia,109
GR,2021-09-06/2021-09-12,Europe,37
GR,2021-09-06/2021-09-12,North America,100
GR,2021-09-06/2021-09-12,South America,803
GR,2021-09-13/2021-09-19,Africa,27
GR,2021-09-13/2021-09-19,Asia,61
GR,2021-09-13/2021-09-19,Europe,35
GR,2021-09-13/2021-09-19,North America,116
GR,2021-09-13/2021-09-19,South America,602
GR,2021-09-20/2021-09-26,Africa,72
GR,2021-09-20/2021-09-26,Asia,46
GR,2021-09-20/2021-09-26,Europe,45
GR,2021-09-20/2021-09-26,North America,28
GR,2021-09-20/2021-09-26,South America,429
GR,2021-09-27/2021-10-03,Africa,40
GR,2021-09-27/2021-10-03,Asia,42
GR,2021-09-27/2021-10-03,Europe,43
GR,2021-09-27/2021-10-03,North America,50
GR,2021-09-27/2021-10-03,South America,313
GR,2021-10-04/2021-10-10,Africa,32
GR,2021-10-04/2021-10-10,Asia,29
GR,2021-10-04/2021-10-10,Europe,26
GR,2021-10-04/2021-10-10,North America,30
GR,2021-10-04/2021-10-10,South America,255
GR,2021-10-11/2021-10-17,Africa,28
GR,2021-10-11/2021-10-17,Asia,26
GR,2021-10-11/2021-10-17,Europe,59
GR,2021-10-11/2021-10-17,North America,29
GR,2021-10-11/2021-10-17,South America,217
GR,2021-10-18/2021-10-24,Africa,19
GR,2021-10-18/2021-10-24,Asia,8
GR,2021-10-18/2021-10-24,Europe,11
GR,2021-10-18/2021-10-24,North America,39
GR,2021-10-18/2021-10-24,South America,162
GR,2021-10-25/2021-10-31,Africa,9
GR,2021-10-25/2021-10-31,Asia,2
GR,2021-10-25/2021-10-31,Europe,19
GR,2021-10-25/2021-10-31,North America,27
GR,2021-10-25/2021-10-31,South America,136
GR,2021-11-01/2021-11-07,Africa,8
GR,2021-11-01/2021-11-07,Asia,32
GR,2021-11-01/2021-11-07,Europe,38
GR,2021-11-01/2021-11-07,North America,27
GR,2021-11-01/2021-11-07,South America,99
GR,2021-11-08/2021-11-14,Africa,13
GR,2021-11-08/2021-11-14,Asia,2
GR,2021-11-08/2021-11-14,Europe,35
GR,2021-11-08/2021-11-14,North America,16
GR,2021-11-08/2021-11-14,South America,70
GR,2021-11-15/2021-11-21,Africa,5
GR,2021-11-15/2021-11-21,Europe,32
GR,2021-11-15/2021-11-21,North America,14
GR,2021-11-15/2021-11-21,South America,51
GR,2021-11-22/2021-11-28,Africa,20
GR,2021-11-22/2021-11-28,Asia,7
GR,2021-11-22/2021-11-28,Europe,62
GR,2021-11-22/2021-11-28,North America,15
GR,2021-11-22/2021-11-28,South America,28
GR,2021-11-29/2021-12-05,Africa,52
GR,2021-11-29/2021-12-05,Asia,35
GR,2021-11-29/2021-12-05,Europe,163
GR,2021-11-29/2021-12-05,North America,21
GR,2021-11-29/2021-12-05,South America,25
GR,2021-12-06/2021-12-12,Africa,13
GR,2021-12-06/2021-12-12,Asia,5
GR,2021-12-06/2021-12-12,Europe,101
GR,2021-12-06/2021-12-12,North America,39
GR,2021-12-06/2021-12-12,South America,18
GR,2021-12-13/2021-12-19,Africa,26
GR,2021-12-13/2021-12-19,Asia,18
GR,2021-12-13/2021-12-19,Europe,47
GR,2021-12-13/2021-12-19,North America,48
GR,2021-12-13/2021-12-19,South America,25
GR,2021-12-20/2021-12-26,Africa,8
GR,2021-12-20/2021-12-26,Asia,18
GR,2021-12-20/2021-12-26,Europe,37
GR,2021-12-20/2021-12-26,North America,69
GR,2021-12-20/2021-12-26,Oceania,2
GR,2021-12-20/2021-12-26,South America,19
GR,2021-12-27/2022-01-02,Africa,14
GR,2021-12-27/2022-01-02,Asia,265
GR,2021-12-27/2022-01-02,Europe,95
GR,2021-12-27/2022-01-02,North America,114
GR,2021-12-27/2022-01-02,South America,33
GR,2022-01-03/2022-01-09,Africa,15
GR,2022-01-03/2022-01-09,Asia,101
GR,2022-01-03/2022-01-09,Europe,68
GR,2022-01-03/2022-01-09,North America,56
GR,2022-01-03/2022-01-09,Oceania,1
GR,2022-01-03/2022-01-09,South America,3
GR,2022-01-10/2022-01-16,Africa,15
GR,2022-01-10/2022-01-16,Asia,50
GR,2022-01-10/2022-01-16,Europe,33
GR,2022-01-10/2022-01-16,North America,58
GR,2022-01-10/2022-01-16,Oceania,2
GR,2022-01-10/2022-01-16,South America,50
GR,2022-01-17/2022-01-23,Africa,15
GR,2022-01-17/2022-01-23,Asia,110
GR,2022-01-17/2022-01-23,Europe,44
GR,2022-01-17/2022-01-23,North America,37
GR,2022-01-17/2022-01-23,South America,3
GR,2022-01-24/2022-01-30,Africa,16
GR,2022-01-24/2022-01-30,Asia,84
GR,2022-01-24/2022-01-30,Europe,42
GR,2022-01-24/2022-01-30,North America,50
GR,2022-01-24/2022-01-30,Oceania,1
GR,2022-01-24/2022-01-30,South America,4
GR,2022-01-31/2022-02-06,Africa,8
GR,2022-01-31/2022-02-06,Asia,63
GR,2022-01-31/2022-02-06,Europe,145
GR,2022-01-31/2022-02-06,North America,40
GR,2022-01-31/2022-02-06,South America,3
GR,2022-02-07/2022-02-13,Africa,22
GR,2022-02-07/2022-02-13,Asia,164
GR,2022-02-07/2022-02-13,Europe,58
GR,2022-02-07/2022-02-13,North America,36
GR,2022-02-14/2022-02-20,Africa,35
GR,2022-02-14/2022-02-20,Asia,86
GR,2022-02-14/2022-02-20,Europe,78
GR,2022-02-14/2022-02-20,North America,54
GR,2022-02-21/2022-02-27,Africa,16
GR,2022-02-21/2022-02-27,Asia,77
GR,2022-02-21/2022-02-27,Europe,38
GR,2022-02-21/2022-02-27,North America,58
GR,2022-02-21/2022-02-27,South America,2
GR,2022-02-28/2022-03-06,Africa,22
GR,2022-02-28/2022-03-06,Asia,201
GR,2022-02-28/2022-03-06,Europe,52
GR,2022-02-28/2022-03-06,North America,54
GR,2022-02-28/2022-03-06,South America,2
GR,2022-03-07/2022-03-13,Africa,20
GR,2022-03-07/2022-03-13,Asia,79
GR,2022-03-07/2022-03-13,Europe,142
GR,2022-03-07/2022-03-13,North America,91
GR,2022-03-07/2022-03-13,South America,4
GR,2022-03-14/2022-03-20,Africa,8
GR,2022-03-14/2022-03-20,Asia,95
GR,2022-03-14/2022-03-20,Europe,102
GR,2022-03-14/2022-03-20,North America,64
GR,2022-03-14/2022-03-20,South America,3
GR,2022-03-21/2022-03-27,Africa,5
GR,2022-03-21/2022-03-27,Asia,103
GR,2022-03-21/2022-03-27,Europe,109
GR,2022-03-21/2022-03-27,North America,59
GR,2022-03-21/2022-03-27,Oceania,5
GR,2022-03-28/2022-04-03,Africa,6
GR,2022-03-28/2022-04-03,Asia,43
GR,2022-03-28/2022-04-03,Europe,140
GR,2022-03-28/2022-04-03,North America,103
GR,2022-03-28/2022-04-03,Oceania,3
GR,2022-03-28/2022-04-03,South America,7
GR,2022-04-04/2022-04-10,Africa,7
GR,2022-04-04/2022-04-10,Asia,23
GR,2022-04-04/2022-04-10,Europe,81
GR,2022-04-04/2022-04-10,North America,86
GR,2022-04-04/2022-04-10,Oceania,2
GR,2022-04-04/2022-04-10,South America,3
GR,2022-04-11/2022-04-17,Africa,5
GR,2022-04-11/2022-04-17,Asia,46
GR,2022-04-11/2022-04-17,Europe,171
GR,2022-04-11/2022-04-17,North America,85
GR,2022-04-11/2022-04-17,Oceania,2
GR,2022-04-11/2022-04-17,South America,5
GR,2022-04-18/2022-04-24,Africa,15
GR,2022-04-18/2022-04-24,Asia,52
GR,2022-04-18/2022-04-24,Europe,93
GR,2022-04-18/2022-04-24,North America,140
GR,2022-04-18/2022-04-24,South America,4
GR,2022-04-25/2022-05-01,Africa,2
GR,2022-04-25/2022-05-01,Asia,58
GR,2022-04-25/2022-05-01,Europe,45
GR,2022-04-25/2022-05-01,North America,105
GR,2022-04-25/2022-05-01,Oceania,1
GR,2022-04-25/2022-05-01,South America,1
GR,2022-05-02/2022-05-08,Africa,1
GR,2022-05-02/2022-05-08,Asia,47
GR,2022-05-02/2022-05-08,Europe,44
GR,2022-05-02/2022-05-08,North America,212
GR,2022-05-02/2022-05-08,South America,3
GR,2022-05-09/2022-05-15,Africa,7
GR,2022-05-09/2022-05-15,Asia,75
GR,2022-05-09/2022-05-15,Europe,32
GR,2022-05-09/2022-05-15,North America,189
GR,2022-05-09/2022-05-15,South America,9
GR,2022-05-16/2022-05-22,Africa,5
GR,2022-05-16/2022-05-22,Asia,100
GR,2022-05-16/2022-05-22,Europe,13
GR,2022-05-16/2022-05-22,North America,176
GR,2022-05-16/2022-05-22,Oceania,1
GR,2022-05-16/2022-05-22,South America,2
GR,2022-05-23/2022-05-29,Africa,3
GR,2022-05-23/2022-05-29,Asia,7
GR,2022-05-23/2022-05-29,Europe,15
GR,2022-05-23/2022-05-29,North America,96
GR,2022-05-30/2022-06-05,Europe,10
GR,2022-05-30/2022-06-05,North America,13
GRA,2019-12-30/2020-01-05,North America,2
GRA,2020-03-23/2020-03-29,Europe,1
GRA,2020-03-30/2020-04-05,North America,1
GRA,2020-04-13/2020-04-19,Europe,1
GRA,2020-04-13/2020-04-19,North America,1
GRA,2020-06-08/2020-06-14,North America,1
GRA,2020-06-15/2020-06-21,North America,4
GRA,2020-06-22/2020-06-28,North America,1
GRA,2020-06-29/2020-07-05,North America,2
GRA,2020-07-06/2020-07-12,North America,1
GRA,2020-07-13/2020-07-19,North America,1
GRA,2020-07-20/2020-07-26,North America,1
GRA,2020-07-27/2020-08-02,North America,3
GRA,2020-08-03/2020-08-09,North America,1
GRA,2020-08-03/2020-08-09,South America,1
GRA,2020-08-10/2020-08-16,North America,5
GRA,2020-08-10/2020-08-16,South America,1
GRA,2020-08-17/2020-08-23,North America,1
GRA,2020-08-24/2020-08-30,North America,1
GRA,2020-08-31/2020-09-06,North America,1
GRA,2020-09-07/2020-09-13,North America,1
GRA,2020-09-14/2020-09-20,North America,1
GRA,2020-09-21/2020-09-27,Asia,5
GRA,2020-09-21/2020-09-27,North America,2
GRA,2020-09-28/2020-10-04,North America,3
GRA,2020-10-05/2020-10-11,Asia,1
GRA,2020-10-05/2020-10-11,North America,1
GRA,2020-10-12/2020-10-18,Asia,3
GRA,2020-10-12/2020-10-18,North America,3
GRA,2020-10-19/2020-10-25,Europe,1
GRA,2020-10-26/2020-11-01,Europe,1
GRA,2020-10-26/2020-11-01,North America,3
GRA,2020-10-26/2020-11-01,South America,1
GRA,2020-11-02/2020-11-08,North America,1
GRA,2020-11-09/2020-11-15,Europe,1
GRA,2020-11-09/2020-11-15,North America,1
GRA,2020-11-09/2020-11-15,South America,1
GRA,2020-11-16/2020-11-22,North America,1
GRA,2020-11-16/2020-11-22,South America,1
GRA,2020-11-23/2020-11-29,Asia,1
GRA,2020-11-30/2020-12-06,Europe,1
GRA,2020-11-30/2020-12-06,North America,1
GRA,2020-12-07/2020-12-13,North America,1
GRA,2020-12-14/2020-12-20,North America,1
GRA,2020-12-21/2020-12-27,North America,2
GRA,2020-12-21/2020-12-27,South America,1
GRA,2020-12-28/2021-01-03,Africa,121
GRA,2020-12-28/2021-01-03,Asia,130
GRA,2020-12-28/2021-01-03,Europe,10815
GRA,2020-12-28/2021-01-03,North America,477
GRA,2020-12-28/2021-01-03,Oceania,35
GRA,2020-12-28/2021-01-03,South America,4
GRA,2021-01-04/2021-01-10,Africa,2
GRA,2021-01-04/2021-01-10,Asia,9
GRA,2021-01-04/2021-01-10,Europe,6
GRA,2021-01-04/2021-01-10,North America,23
GRA,2021-01-04/2021-01-10,South America,5
GRA,2021-01-11/2021-01-17,Africa,1
GRA,2021-01-11/2021-01-17,Asia,6
GRA,2021-01-11/2021-01-17,Europe,7
GRA,2021-01-11/2021-01-17,North America,6
GRA,2021-01-18/2021-01-24,Asia,1
GRA,2021-01-18/2021-01-24,Europe,12
GRA,2021-01-18/2021-01-24,North America,5
GRA,2021-01-25/2021-01-31,Africa,3
GRA,2021-01-25/2021-01-31,Asia,1
GRA,2021-01-25/2021-01-31,Europe,16
GRA,2021-01-25/2021-01-31,North America,5
GRA,2021-02-01/2021-02-07,Asia,1
GRA,2021-02-01/2021-02-07,Europe,4
GRA,2021-02-01/2021-02-07,North America,1
GRA,2021-02-08/2021-02-14,Asia,2
GRA,2021-02-08/2021-02-14,Europe,10
GRA,2021-02-08/2021-02-14,North America,1
GRA,2021-02-15/2021-02-21,Asia,1
GRA,2021-02-15/2021-02-21,Europe,11
GRA,2021-02-15/2021-02-21,North America,2
GRA,2021-02-15/2021-02-21,South America,1
GRA,2021-02-22/2021-02-28,Asia,1
GRA,2021-02-22/2021-02-28,Europe,3
GRA,2021-02-22/2021-02-28,North America,2
GRA,2021-03-01/2021-03-07,Europe,12
GRA,2021-03-01/2021-03-07,North America,4
GRA,2021-03-08/2021-03-14,Asia,1
GRA,2021-03-08/2021-03-14,Europe,18
GRA,2021-03-08/2021-03-14,North America,5
GRA,2021-03-15/2021-03-21,Europe,21
GRA,2021-03-15/2021-03-21,North America,5
GRA,2021-03-22/2021-03-28,Europe,3
GRA,2021-03-22/2021-03-28,North America,4
GRA,2021-03-29/2021-04-04,North America,2
GRA,2021-04-05/2021-04-11,Europe,1
GRA,2021-04-12/2021-04-18,Europe,2
GRA,2021-04-12/2021-04-18,North America,1
GRA,2021-04-19/2021-04-25,Europe,2
GRA,2021-04-19/2021-04-25,North America,1
GRA,2021-04-26/2021-05-02,Europe,1
GRA,2021-05-03/2021-05-09,North America,1
GRA,2021-05-10/2021-05-16,Europe,1
GRA,2021-05-10/2021-05-16,North America,2
GRA,2021-05-17/2021-05-23,Europe,1
GRA,2021-05-17/2021-05-23,North America,4
GRA,2021-05-17/2021-05-23,South America,1
GRA,2021-05-24/2021-05-30,North America,3
GRA,2021-05-31/2021-06-06,North America,3
GRA,2021-06-07/2021-06-13,Africa,1
GRA,2021-06-07/2021-06-13,North America,3
GRA,2021-06-07/2021-06-13,South America,2
GRA,2021-06-14/2021-06-20,North America,5
GRA,2021-06-14/2021-06-20,South America,1
GRA,2021-06-21/2021-06-27,North America,1
GRA,2021-06-28/2021-07-04,North America,1
GRA,2021-06-28/2021-07-04,South America,1
GRA,2021-07-05/2021-07-11,Europe,2
GRA,2021-07-05/2021-07-11,North America,2
GRA,2021-07-12/2021-07-18,North America,1
GRA,2021-07-12/2021-07-18,South America,1
GRA,2021-07-19/2021-07-25,Europe,1
GRA,2021-07-19/2021-07-25,North America,1
GRA,2021-07-26/2021-08-01,Europe,1
GRA,2021-07-26/2021-08-01,North America,2
GRA,2021-08-02/2021-08-08,Africa,1
GRA,2021-08-02/2021-08-08,North America,1
GRA,2021-08-09/2021-08-15,Africa,6
GRA,2021-08-09/2021-08-15,Europe,1
GRA,2021-08-09/2021-08-15,North America,1
GRA,2021-08-09/2021-08-15,South America,1
GRA,2021-08-16/2021-08-22,Africa,1
GRA,2021-08-16/2021-08-22,Asia,1
GRA,2021-08-16/2021-08-22,Europe,4
GRA,2021-08-16/2021-08-22,North America,1
GRA,2021-08-23/2021-08-29,Africa,2
GRA,2021-08-23/2021-08-29,North America,6
GRA,2021-08-23/2021-08-29,South America,1
GRA,2021-08-30/2021-09-05,Africa,4
GRA,2021-08-30/2021-09-05,North America,2
GRA,2021-09-06/2021-09-12,Africa,5
GRA,2021-09-06/2021-09-12,Asia,2
GRA,2021-09-06/2021-09-12,North America,4
GRA,2021-09-06/2021-09-12,Oceania,1
GRA,2021-09-13/2021-09-19,Africa,1
GRA,2021-09-13/2021-09-19,North America,2
GRA,2021-09-13/2021-09-19,Oceania,6
GRA,2021-09-20/2021-09-26,Africa,1
GRA,2021-09-20/2021-09-26,Europe,1
GRA,2021-09-20/2021-09-26,North America,2
GRA,2021-09-20/2021-09-26,Oceania,3
GRA,2021-09-27/2021-10-03,Africa,2
GRA,2021-09-27/2021-10-03,Asia,1
GRA,2021-09-27/2021-10-03,North America,21
GRA,2021-10-04/2021-10-10,Africa,1
GRA,2021-10-04/2021-10-10,Asia,2
GRA,2021-10-04/2021-10-10,Europe,2
GRA,2021-10-04/2021-10-10,North America,4
GRA,2021-10-04/2021-10-10,Oceania,1
GRA,2021-10-04/2021-10-10,South America,1
GRA,2021-10-11/2021-10-17,Africa,6
GRA,2021-10-11/2021-10-17,Asia,1
GRA,2021-10-11/2021-10-17,Europe,3
GRA,2021-10-11/2021-10-17,North America,9
GRA,2021-10-18/2021-10-24,Africa,2
GRA,2021-10-18/2021-10-24,Asia,2
GRA,2021-10-18/2021-10-24,Europe,4
GRA,2021-10-18/2021-10-24,North America,3
GRA,2021-10-25/2021-10-31,Africa,5
GRA,2021-10-25/2021-10-31,Asia,4
GRA,2021-10-25/2021-10-31,Europe,2
GRA,2021-10-25/2021-10-31,North America,11
GRA,2021-10-25/2021-10-31,South America,3
GRA,2021-11-01/2021-11-07,Africa,25
GRA,2021-11-01/2021-11-07,Asia,30
GRA,2021-11-01/2021-11-07,Europe,16
GRA,2021-11-01/2021-11-07,North America,7
GRA,2021-11-01/2021-11-07,South America,4
GRA,2021-11-08/2021-11-14,Africa,35
GRA,2021-11-08/2021-11-14,Asia,8
GRA,2021-11-08/2021-11-14,Europe,7
GRA,2021-11-08/2021-11-14,North America,11
GRA,2021-11-08/2021-11-14,South America,5
GRA,2021-11-15/2021-11-21,Africa,284
GRA,2021-11-15/2021-11-21,Asia,20
GRA,2021-11-15/2021-11-21,Europe,17
GRA,2021-11-15/2021-11-21,North America,12
GRA,2021-11-15/2021-11-21,South America,7
GRA,2021-11-22/2021-11-28,Africa,915
GRA,2021-11-22/2021-11-28,Asia,52
GRA,2021-11-22/2021-11-28,Europe,418
GRA,2021-11-22/2021-11-28,North America,109
GRA,2021-11-22/2021-11-28,Oceania,9
GRA,2021-11-22/2021-11-28,South America,16
GRA,2021-11-29/2021-12-05,Africa,2027
GRA,2021-11-29/2021-12-05,Asia,1348
GRA,2021-11-29/2021-12-05,Europe,4909
GRA,2021-11-29/2021-12-05,North America,2006
GRA,2021-11-29/2021-12-05,Oceania,44
GRA,2021-11-29/2021-12-05,South America,29
GRA,2021-12-06/2021-12-12,Africa,2301
GRA,2021-12-06/2021-12-12,Asia,488
GRA,2021-12-06/2021-12-12,Europe,15500
GRA,2021-12-06/2021-12-12,North America,6335
GRA,2021-12-06/2021-12-12,Oceania,381
GRA,2021-12-06/2021-12-12,South America,202
GRA,2021-12-13/2021-12-19,Africa,3402
GRA,2021-12-13/2021-12-19,Asia,1998
GRA,2021-12-13/2021-12-19,Europe,58381
GRA,2021-12-13/2021-12-19,North America,36081
GRA,2021-12-13/2021-12-19,Oceania,1132
GRA,2021-12-13/2021-12-19,South America,880
GRA,2021-12-20/2021-12-26,Africa,3215
GRA,2021-12-20/2021-12-26,Asia,6268
GRA,2021-12-20/2021-12-26,Europe,63555
GRA,2021-12-20/2021-12-26,North America,73632
GRA,2021-12-20/2021-12-26,Oceania,2997
GRA,2021-12-20/2021-12-26,South America,2316
GRA,2021-12-27/2022-01-02,Africa,3147
GRA,2021-12-27/2022-01-02,Asia,20164
GRA,2021-12-27/2022-01-02,Europe,172758
GRA,2021-12-27/2022-01-02,North America,111748
GRA,2021-12-27/2022-01-02,Oceania,3719
GRA,2021-12-27/2022-01-02,South America,4519
GRA,2022-01-03/2022-01-09,Africa,2984
GRA,2022-01-03/2022-01-09,Asia,22063
GRA,2022-01-03/2022-01-09,Europe,129028
GRA,2022-01-03/2022-01-09,North America,119094
GRA,2022-01-03/2022-01-09,Oceania,3973
GRA,2022-01-03/2022-01-09,South America,8801
GRA,2022-01-10/2022-01-16,Africa,1916
GRA,2022-01-10/2022-01-16,Asia,24794
GRA,2022-01-10/2022-01-16,Europe,131133
GRA,2022-01-10/2022-01-16,North America,107359
GRA,2022-01-10/2022-01-16,Oceania,3033
GRA,2022-01-10/2022-01-16,South America,7002
GRA,2022-01-17/2022-01-23,Africa,1312
GRA,2022-01-17/2022-01-23,Asia,28627
GRA,2022-01-17/2022-01-23,Europe,143030
GRA,2022-01-17/2022-01-23,North America,104171
GRA,2022-01-17/2022-01-23,Oceania,2483
GRA,2022-01-17/2022-01-23,South America,5681
GRA,2022-01-24/2022-01-30,Africa,1106
GRA,2022-01-24/2022-01-30,Asia,18834
GRA,2022-01-24/2022-01-30,Europe,132311
GRA,2022-01-24/2022-01-30,North America,91833
GRA,2022-01-24/2022-01-30,Oceania,2607
GRA,2022-01-24/2022-01-30,South America,5208
GRA,2022-01-31/2022-02-06,Africa,927
GRA,2022-01-31/2022-02-06,Asia,21984
GRA,2022-01-31/2022-02-06,Europe,150416
GRA,2022-01-31/2022-02-06,North America,82779
GRA,2022-01-31/2022-02-06,Oceania,2462
GRA,2022-01-31/2022-02-06,South America,6151
GRA,2022-02-07/2022-02-13,Africa,849
GRA,2022-02-07/2022-02-13,Asia,16368
GRA,2022-02-07/2022-02-13,Europe,142163
GRA,2022-02-07/2022-02-13,North America,73532
GRA,2022-02-07/2022-02-13,Oceania,3282
GRA,2022-02-07/2022-02-13,South America,4751
GRA,2022-02-14/2022-02-20,Africa,839
GRA,2022-02-14/2022-02-20,Asia,14796
GRA,2022-02-14/2022-02-20,Europe,143415
GRA,2022-02-14/2022-02-20,North America,52227
GRA,2022-02-14/2022-02-20,Oceania,2434
GRA,2022-02-14/2022-02-20,South America,3449
GRA,2022-02-21/2022-02-27,Africa,644
GRA,2022-02-21/2022-02-27,Asia,13070
GRA,2022-02-21/2022-02-27,Europe,122491
GRA,2022-02-21/2022-02-27,North America,38124
GRA,2022-02-21/2022-02-27,Oceania,2338
GRA,2022-02-21/2022-02-27,South America,2648
GRA,2022-02-28/2022-03-06,Africa,883
GRA,2022-02-28/2022-03-06,Asia,13053
GRA,2022-02-28/2022-03-06,Europe,126100
GRA,2022-02-28/2022-03-06,North America,26408
GRA,2022-02-28/2022-03-06,Oceania,2721
GRA,2022-02-28/2022-03-06,South America,2606
GRA,2022-03-07/2022-03-13,Africa,783
GRA,2022-03-07/2022-03-13,Asia,10309
GRA,2022-03-07/2022-03-13,Europe,140290
GRA,2022-03-07/2022-03-13,North America,21418
GRA,2022-03-07/2022-03-13,Oceania,2942
GRA,2022-03-07/2022-03-13,South America,2488
GRA,2022-03-14/2022-03-20,Africa,688
GRA,2022-03-14/2022-03-20,Asia,12669
GRA,2022-03-14/2022-03-20,Europe,137786
GRA,2022-03-14/2022-03-20,North America,22155
GRA,2022-03-14/2022-03-20,Oceania,3564
GRA,2022-03-14/2022-03-20,South America,1538
GRA,2022-03-21/2022-03-27,Africa,641
GRA,2022-03-21/2022-03-27,Asia,12370
GRA,2022-03-21/2022-03-27,Europe,126079
GRA,2022-03-21/2022-03-27,North America,25664
GRA,2022-03-21/2022-03-27,Oceania,4055
GRA,2022-03-21/2022-03-27,South America,978
GRA,2022-03-28/2022-04-03,Africa,623
GRA,2022-03-28/2022-04-03,Asia,11602
GRA,2022-03-28/2022-04-03,Europe,83139
GRA,2022-03-28/2022-04-03,North America,28843
GRA,2022-03-28/2022-04-03,Oceania,3870
GRA,2022-03-28/2022-04-03,South America,1099
GRA,2022-04-04/2022-04-10,Africa,635
GRA,2022-04-04/2022-04-10,Asia,10303
GRA,2022-04-04/2022-04-10,Europe,70348
GRA,2022-04-04/2022-04-10,North America,34358
GRA,2022-04-04/2022-04-10,Oceania,2977
GRA,2022-04-04/2022-04-10,South America,1211
GRA,2022-04-11/2022-04-17,Africa,646
GRA,2022-04-11/2022-04-17,Asia,8846
GRA,2022-04-11/2022-04-17,Europe,64475
GRA,2022-04-11/2022-04-17,North America,32298
GRA,2022-04-11/2022-04-17,Oceania,2898
GRA,2022-04-11/2022-04-17,South America,1046
GRA,2022-04-18/2022-04-24,Africa,930
GRA,2022-04-18/2022-04-24,Asia,10633
GRA,2022-04-18/2022-04-24,Europe,56674
GRA,2022-04-18/2022-04-24,North America,36114
GRA,2022-04-18/2022-04-24,Oceania,3295
GRA,2022-04-18/2022-04-24,South America,733
GRA,2022-04-25/2022-05-01,Africa,1036
GRA,2022-04-25/2022-05-01,Asia,10606
GRA,2022-04-25/2022-05-01,Europe,48012
GRA,2022-04-25/2022-05-01,North America,35273
GRA,2022-04-25/2022-05-01,Oceania,3068
GRA,2022-04-25/2022-05-01,South America,738
GRA,2022-05-02/2022-05-08,Africa,765
GRA,2022-05-02/2022-05-08,Asia,8196
GRA,2022-05-02/2022-05-08,Europe,38092
GRA,2022-05-02/2022-05-08,North America,37513
GRA,2022-05-02/2022-05-08,Oceania,3149
GRA,2022-05-02/2022-05-08,South America,955
GRA,2022-05-09/2022-05-15,Africa,331
GRA,2022-05-09/2022-05-15,Asia,9112
GRA,2022-05-09/2022-05-15,Europe,31937
GRA,2022-05-09/2022-05-15,North America,39536
GRA,2022-05-09/2022-05-15,Oceania,2715
GRA,2022-05-09/2022-05-15,South America,1724
GRA,2022-05-16/2022-05-22,Africa,206
GRA,2022-05-16/2022-05-22,Asia,6742
GRA,2022-05-16/2022-05-22,Europe,25416
GRA,2022-05-16/2022-05-22,North America,35336
GRA,2022-05-16/2022-05-22,Oceania,1663
GRA,2022-05-16/2022-05-22,South America,1598
GRA,2022-05-23/2022-05-29,Africa,245
GRA,2022-05-23/2022-05-29,Asia,3083
GRA,2022-05-23/2022-05-29,Europe,18341
GRA,2022-05-23/2022-05-29,North America,26538
GRA,2022-05-23/2022-05-29,Oceania,1329
GRA,2022-05-23/2022-05-29,South America,945
GRA,2022-05-30/2022-06-05,Africa,69
GRA,2022-05-30/2022-06-05,Asia,307
GRA,2022-05-30/2022-06-05,Europe,5811
GRA,2022-05-30/2022-06-05,North America,4393
GRA,2022-05-30/2022-06-05,Oceania,365
GRA,2022-05-30/2022-06-05,South America,67
GRY,2019-12-30/2020-01-05,Asia,2
GRY,2019-12-30/2020-01-05,Europe,558
GRY,2019-12-30/2020-01-05,North America,9
GRY,2020-02-24/2020-03-01,Europe,1
GRY,2020-02-24/2020-03-01,North America,5
GRY,2020-03-09/2020-03-15,Europe,2
GRY,2020-03-16/2020-03-22,Europe,1
GRY,2020-03-16/2020-03-22,North America,1
GRY,2020-04-13/2020-04-19,North America,1
GRY,2020-04-20/2020-04-26,Europe,2
GRY,2020-04-20/2020-04-26,North America,7
GRY,2020-04-27/2020-05-03,North America,8
GRY,2020-05-04/2020-05-10,Africa,4
GRY,2020-05-11/2020-05-17,Europe,1
GRY,2020-05-11/2020-05-17,North America,3
GRY,2020-05-18/2020-05-24,Europe,4
GRY,2020-05-18/2020-05-24,North America,2
GRY,2020-06-01/2020-06-07,North America,1
GRY,2020-07-06/2020-07-12,North America,6
GRY,2020-08-31/2020-09-06,Europe,2
GRY,2020-09-14/2020-09-20,Europe,1
GRY,2020-09-21/2020-09-27,Africa,1
GRY,2020-09-21/2020-09-27,Europe,2
GRY,2020-09-28/2020-10-04,Europe,2
GRY,2020-10-05/2020-10-11,Europe,7
GRY,2020-10-12/2020-10-18,Europe,4
GRY,2020-10-19/2020-10-25,Europe,36
GRY,2020-10-26/2020-11-01,Asia,1
GRY,2020-10-26/2020-11-01,Europe,77
GRY,2020-11-02/2020-11-08,Europe,280
GRY,2020-11-02/2020-11-08,North America,6
GRY,2020-11-09/2020-11-15,Europe,659
GRY,2020-11-09/2020-11-15,North America,1
GRY,2020-11-16/2020-11-22,Asia,2
GRY,2020-11-16/2020-11-22,Europe,695
GRY,2020-11-16/2020-11-22,North America,2
GRY,2020-11-23/2020-11-29,Africa,1
GRY,2020-11-23/2020-11-29,Asia,2
GRY,2020-11-23/2020-11-29,Europe,459
GRY,2020-11-23/2020-11-29,North America,4
GRY,2020-11-30/2020-12-06,Africa,1
GRY,2020-11-30/2020-12-06,Asia,14
GRY,2020-11-30/2020-12-06,Europe,583
GRY,2020-11-30/2020-12-06,North America,3
GRY,2020-12-07/2020-12-13,Africa,1
GRY,2020-12-07/2020-12-13,Asia,4
GRY,2020-12-07/2020-12-13,Europe,3033
GRY,2020-12-07/2020-12-13,North America,3
GRY,2020-12-07/2020-12-13,Oceania,2
GRY,2020-12-14/2020-12-20,Asia,17
GRY,2020-12-14/2020-12-20,Europe,5377
GRY,2020-12-14/2020-12-20,North America,22
GRY,2020-12-14/2020-12-20,Oceania,4
GRY,2020-12-21/2020-12-27,Africa,4
GRY,2020-12-21/2020-12-27,Asia,149
GRY,2020-12-21/2020-12-27,Europe,4155
GRY,2020-12-21/2020-12-27,North America,39
GRY,2020-12-21/2020-12-27,Oceania,8
GRY,2020-12-21/2020-12-27,South America,7
GRY,2020-12-28/2021-01-03,Africa,72
GRY,2020-12-28/2021-01-03,Asia,578
GRY,2020-12-28/2021-01-03,Europe,16401
GRY,2020-12-28/2021-01-03,North America,501
GRY,2020-12-28/2021-01-03,Oceania,17
GRY,2020-12-28/2021-01-03,South America,18
GRY,2021-01-04/2021-01-10,Africa,79
GRY,2021-01-04/2021-01-10,Asia,423
GRY,2021-01-04/2021-01-10,Europe,10210
GRY,2021-01-04/2021-01-10,North America,183
GRY,2021-01-04/2021-01-10,Oceania,18
GRY,2021-01-04/2021-01-10,South America,17
GRY,2021-01-11/2021-01-17,Africa,86
GRY,2021-01-11/2021-01-17,Asia,325
GRY,2021-01-11/2021-01-17,Europe,14198
GRY,2021-01-11/2021-01-17,North America,264
GRY,2021-01-11/2021-01-17,Oceania,18
GRY,2021-01-11/2021-01-17,South America,21
GRY,2021-01-18/2021-01-24,Africa,36
GRY,2021-01-18/2021-01-24,Asia,346
GRY,2021-01-18/2021-01-24,Europe,15021
GRY,2021-01-18/2021-01-24,North America,389
GRY,2021-01-18/2021-01-24,Oceania,23
GRY,2021-01-18/2021-01-24,South America,14
GRY,2021-01-25/2021-01-31,Africa,56
GRY,2021-01-25/2021-01-31,Asia,771
GRY,2021-01-25/2021-01-31,Europe,22736
GRY,2021-01-25/2021-01-31,North America,603
GRY,2021-01-25/2021-01-31,Oceania,11
GRY,2021-01-25/2021-01-31,South America,11
GRY,2021-02-01/2021-02-07,Africa,70
GRY,2021-02-01/2021-02-07,Asia,969
GRY,2021-02-01/2021-02-07,Europe,18080
GRY,2021-02-01/2021-02-07,North America,1803
GRY,2021-02-01/2021-02-07,Oceania,11
GRY,2021-02-01/2021-02-07,South America,18
GRY,2021-02-08/2021-02-14,Africa,84
GRY,2021-02-08/2021-02-14,Asia,445
GRY,2021-02-08/2021-02-14,Europe,24141
GRY,2021-02-08/2021-02-14,North America,1268
GRY,2021-02-08/2021-02-14,Oceania,21
GRY,2021-02-08/2021-02-14,South America,22
GRY,2021-02-15/2021-02-21,Africa,87
GRY,2021-02-15/2021-02-21,Asia,552
GRY,2021-02-15/2021-02-21,Europe,28306
GRY,2021-02-15/2021-02-21,North America,1783
GRY,2021-02-15/2021-02-21,Oceania,18
GRY,2021-02-15/2021-02-21,South America,81
GRY,2021-02-22/2021-02-28,Africa,86
GRY,2021-02-22/2021-02-28,Asia,1127
GRY,2021-02-22/2021-02-28,Europe,30995
GRY,2021-02-22/2021-02-28,North America,3106
GRY,2021-02-22/2021-02-28,Oceania,18
GRY,2021-02-22/2021-02-28,South America,87
GRY,2021-03-01/2021-03-07,Africa,159
GRY,2021-03-01/2021-03-07,Asia,1094
GRY,2021-03-01/2021-03-07,Europe,34518
GRY,2021-03-01/2021-03-07,North America,5634
GRY,2021-03-01/2021-03-07,Oceania,26
GRY,2021-03-01/2021-03-07,South America,139
GRY,2021-03-08/2021-03-14,Africa,144
GRY,2021-03-08/2021-03-14,Asia,909
GRY,2021-03-08/2021-03-14,Europe,42799
GRY,2021-03-08/2021-03-14,North America,6843
GRY,2021-03-08/2021-03-14,Oceania,44
GRY,2021-03-08/2021-03-14,South America,114
GRY,2021-03-15/2021-03-21,Africa,138
GRY,2021-03-15/2021-03-21,Asia,1213
GRY,2021-03-15/2021-03-21,Europe,44548
GRY,2021-03-15/2021-03-21,North America,10523
GRY,2021-03-15/2021-03-21,Oceania,24
GRY,2021-03-15/2021-03-21,South America,136
GRY,2021-03-22/2021-03-28,Africa,106
GRY,2021-03-22/2021-03-28,Asia,1230
GRY,2021-03-22/2021-03-28,Europe,44700
GRY,2021-03-22/2021-03-28,North America,14334
GRY,2021-03-22/2021-03-28,Oceania,32
GRY,2021-03-22/2021-03-28,South America,146
GRY,2021-03-29/2021-04-04,Africa,117
GRY,2021-03-29/2021-04-04,Asia,2594
GRY,2021-03-29/2021-04-04,Europe,40473
GRY,2021-03-29/2021-04-04,North America,20038
GRY,2021-03-29/2021-04-04,Oceania,44
GRY,2021-03-29/2021-04-04,South America,178
GRY,2021-04-05/2021-04-11,Africa,90
GRY,2021-04-05/2021-04-11,Asia,1971
GRY,2021-04-05/2021-04-11,Europe,33606
GRY,2021-04-05/2021-04-11,North America,21771
GRY,2021-04-05/2021-04-11,Oceania,34
GRY,2021-04-05/2021-04-11,South America,205
GRY,2021-04-12/2021-04-18,Africa,131
GRY,2021-04-12/2021-04-18,Asia,2472
GRY,2021-04-12/2021-04-18,Europe,37311
GRY,2021-04-12/2021-04-18,North America,22251
GRY,2021-04-12/2021-04-18,Oceania,47
GRY,2021-04-12/2021-04-18,South America,175
GRY,2021-04-19/2021-04-25,Africa,95
GRY,2021-04-19/2021-04-25,Asia,3206
GRY,2021-04-19/2021-04-25,Europe,35405
GRY,2021-04-19/2021-04-25,North America,19945
GRY,2021-04-19/2021-04-25,Oceania,50
GRY,2021-04-19/2021-04-25,South America,155
GRY,2021-04-26/2021-05-02,Africa,88
GRY,2021-04-26/2021-05-02,Asia,3310
GRY,2021-04-26/2021-05-02,Europe,35201
GRY,2021-04-26/2021-05-02,North America,23352
GRY,2021-04-26/2021-05-02,Oceania,31
GRY,2021-04-26/2021-05-02,South America,94
GRY,2021-05-03/2021-05-09,Africa,74
GRY,2021-05-03/2021-05-09,Asia,3447
GRY,2021-05-03/2021-05-09,Europe,31622
GRY,2021-05-03/2021-05-09,North America,17456
GRY,2021-05-03/2021-05-09,Oceania,23
GRY,2021-05-03/2021-05-09,South America,101
GRY,2021-05-10/2021-05-16,Africa,73
GRY,2021-05-10/2021-05-16,Asia,3473
GRY,2021-05-10/2021-05-16,Europe,27507
GRY,2021-05-10/2021-05-16,North America,12481
GRY,2021-05-10/2021-05-16,Oceania,26
GRY,2021-05-10/2021-05-16,South America,92
GRY,2021-05-17/2021-05-23,Africa,79
GRY,2021-05-17/2021-05-23,Asia,2439
GRY,2021-05-17/2021-05-23,Europe,24238
GRY,2021-05-17/2021-05-23,North America,8924
GRY,2021-05-17/2021-05-23,Oceania,8
GRY,2021-05-17/2021-05-23,South America,91
GRY,2021-05-24/2021-05-30,Africa,55
GRY,2021-05-24/2021-05-30,Asia,1591
GRY,2021-05-24/2021-05-30,Europe,19498
GRY,2021-05-24/2021-05-30,North America,6392
GRY,2021-05-24/2021-05-30,Oceania,5
GRY,2021-05-24/2021-05-30,South America,111
GRY,2021-05-31/2021-06-06,Africa,68
GRY,2021-05-31/2021-06-06,Asia,1181
GRY,2021-05-31/2021-06-06,Europe,14797
GRY,2021-05-31/2021-06-06,North America,5768
GRY,2021-05-31/2021-06-06,Oceania,11
GRY,2021-05-31/2021-06-06,South America,82
GRY,2021-06-07/2021-06-13,Africa,39
GRY,2021-06-07/2021-06-13,Asia,211
GRY,2021-06-07/2021-06-13,Europe,10603
GRY,2021-06-07/2021-06-13,North America,3509
GRY,2021-06-07/2021-06-13,Oceania,10
GRY,2021-06-07/2021-06-13,South America,73
GRY,2021-06-14/2021-06-20,Africa,29
GRY,2021-06-14/2021-06-20,Asia,195
GRY,2021-06-14/2021-06-20,Europe,5961
GRY,2021-06-14/2021-06-20,North America,2627
GRY,2021-06-14/2021-06-20,Oceania,6
GRY,2021-06-14/2021-06-20,South America,39
GRY,2021-06-21/2021-06-27,Africa,26
GRY,2021-06-21/2021-06-27,Asia,268
GRY,2021-06-21/2021-06-27,Europe,4194
GRY,2021-06-21/2021-06-27,North America,2292
GRY,2021-06-21/2021-06-27,Oceania,8
GRY,2021-06-21/2021-06-27,South America,25
GRY,2021-06-28/2021-07-04,Africa,14
GRY,2021-06-28/2021-07-04,Asia,245
GRY,2021-06-28/2021-07-04,Europe,2697
GRY,2021-06-28/2021-07-04,North America,1215
GRY,2021-06-28/2021-07-04,Oceania,19
GRY,2021-06-28/2021-07-04,South America,26
GRY,2021-07-05/2021-07-11,Africa,10
GRY,2021-07-05/2021-07-11,Asia,140
GRY,2021-07-05/2021-07-11,Europe,1501
GRY,2021-07-05/2021-07-11,North America,487
GRY,2021-07-05/2021-07-11,Oceania,6
GRY,2021-07-05/2021-07-11,South America,9
GRY,2021-07-12/2021-07-18,Africa,5
GRY,2021-07-12/2021-07-18,Asia,211
GRY,2021-07-12/2021-07-18,Europe,304
GRY,2021-07-12/2021-07-18,North America,246
GRY,2021-07-12/2021-07-18,Oceania,2
GRY,2021-07-12/2021-07-18,South America,7
GRY,2021-07-19/2021-07-25,Africa,2
GRY,2021-07-19/2021-07-25,Asia,231
GRY,2021-07-19/2021-07-25,Europe,65
GRY,2021-07-19/2021-07-25,North America,165
GRY,2021-07-19/2021-07-25,South America,1
GRY,2021-07-26/2021-08-01,Africa,5
GRY,2021-07-26/2021-08-01,Asia,242
GRY,2021-07-26/2021-08-01,Europe,29
GRY,2021-07-26/2021-08-01,North America,122
GRY,2021-07-26/2021-08-01,Oceania,2
GRY,2021-07-26/2021-08-01,South America,13
GRY,2021-08-02/2021-08-08,Africa,2
GRY,2021-08-02/2021-08-08,Asia,143
GRY,2021-08-02/2021-08-08,Europe,11
GRY,2021-08-02/2021-08-08,North America,95
GRY,2021-08-02/2021-08-08,Oceania,6
GRY,2021-08-02/2021-08-08,South America,7
GRY,2021-08-09/2021-08-15,Africa,14
GRY,2021-08-09/2021-08-15,Asia,80
GRY,2021-08-09/2021-08-15,Europe,20
GRY,2021-08-09/2021-08-15,North America,57
GRY,2021-08-09/2021-08-15,South America,5
GRY,2021-08-16/2021-08-22,Africa,1
GRY,2021-08-16/2021-08-22,Asia,38
GRY,2021-08-16/2021-08-22,Europe,3
GRY,2021-08-16/2021-08-22,North America,41
GRY,2021-08-16/2021-08-22,Oceania,2
GRY,2021-08-16/2021-08-22,South America,1
GRY,2021-08-23/2021-08-29,Africa,35
GRY,2021-08-23/2021-08-29,Asia,35
GRY,2021-08-23/2021-08-29,Europe,1
GRY,2021-08-23/2021-08-29,North America,16
GRY,2021-08-30/2021-09-05,Africa,2
GRY,2021-08-30/2021-09-05,Asia,13
GRY,2021-08-30/2021-09-05,Europe,1
GRY,2021-08-30/2021-09-05,North America,23
GRY,2021-09-06/2021-09-12,Asia,17
GRY,2021-09-06/2021-09-12,North America,17
GRY,2021-09-13/2021-09-19,Africa,1
GRY,2021-09-13/2021-09-19,Asia,1
GRY,2021-09-13/2021-09-19,Europe,3
GRY,2021-09-13/2021-09-19,North America,7
GRY,2021-09-13/2021-09-19,South America,1
GRY,2021-09-20/2021-09-26,Africa,1
GRY,2021-09-20/2021-09-26,Asia,1
GRY,2021-09-20/2021-09-26,North America,1
GRY,2021-09-20/2021-09-26,South America,1
GRY,2021-09-27/2021-10-03,Asia,3
GRY,2021-09-27/2021-10-03,Europe,4
GRY,2021-10-04/2021-10-10,Europe,1
GRY,2021-10-04/2021-10-10,North America,1
GRY,2021-10-11/2021-10-17,Africa,1
GRY,2021-10-11/2021-10-17,North America,2
GRY,2021-10-11/2021-10-17,South America,1
GRY,2021-10-18/2021-10-24,Africa,2
GRY,2021-10-18/2021-10-24,Europe,1
GRY,2021-10-18/2021-10-24,North America,1
GRY,2021-10-18/2021-10-24,South America,8
GRY,2021-10-25/2021-10-31,Africa,1
GRY,2021-10-25/2021-10-31,Asia,1
GRY,2021-10-25/2021-10-31,Europe,1
GRY,2021-10-25/2021-10-31,South America,2
GRY,2021-11-01/2021-11-07,Europe,4
GRY,2021-11-01/2021-11-07,North America,4
GRY,2021-11-01/2021-11-07,South America,3
GRY,2021-11-08/2021-11-14,Europe,4
GRY,2021-11-08/2021-11-14,North America,2
GRY,2021-11-15/2021-11-21,Asia,2
GRY,2021-11-15/2021-11-21,Europe,3
GRY,2021-11-15/2021-11-21,North America,1
GRY,2021-11-22/2021-11-28,Africa,2
GRY,2021-11-22/2021-11-28,Europe,5
GRY,2021-11-22/2021-11-28,North America,2
GRY,2021-11-29/2021-12-05,Asia,7
GRY,2021-11-29/2021-12-05,Europe,5
GRY,2021-11-29/2021-12-05,North America,5
GRY,2021-12-06/2021-12-12,Africa,1
GRY,2021-12-06/2021-12-12,Europe,8
GRY,2021-12-06/2021-12-12,South America,1
GRY,2021-12-13/2021-12-19,Europe,8
GRY,2021-12-13/2021-12-19,North America,4
GRY,2021-12-20/2021-12-26,Europe,2
GRY,2021-12-27/2022-01-02,Asia,2
GRY,2021-12-27/2022-01-02,Europe,5
GRY,2022-01-03/2022-01-09,Europe,4
GRY,2022-01-10/2022-01-16,Asia,1
GRY,2022-01-10/2022-01-16,Europe,1
GRY,2022-01-24/2022-01-30,Europe,1
GRY,2022-01-24/2022-01-30,North America,1
GRY,2022-01-31/2022-02-06,Europe,4
GRY,2022-02-07/2022-02-13,Europe,2
GRY,2022-02-07/2022-02-13,North America,1
GRY,2022-02-14/2022-02-20,Europe,1
GRY,2022-02-21/2022-02-27,North America,1
GRY,2022-03-07/2022-03-13,Europe,2
GRY,2022-03-07/2022-03-13,North America,1
GRY,2022-03-14/2022-03-20,North America,1
GRY,2022-03-21/2022-03-27,Europe,1
GRY,2022-03-28/2022-04-03,Europe,1
GRY,2022-04-25/2022-05-01,North America,1
GRY,2022-05-02/2022-05-08,Europe,1
